itemcode;itemname;building;location;detail_location;position;detail_counted;counted_by;codebars;onhand;counted;colisage_vente;colisage_achat;pcb_pal;pu_ht
429218;GET XCOLD 70 CL - 37°5;sis1;8a;1-15;0;;;7610113000236;473;-1;1;6;1;23.19
429197;GET 27 PEPPERMINT 100CL 21°;sis1;8a;1-15;1;;;3020881621108;410;-1;1;6;1;22.65
429123;GET 31 BLANC 1L 24°;sis1;8a;1-15;2;;;3020884421101;94;-1;1;6;1;25.39
427021;RHUM BACARDI PREPARATION DAIQUIRI 70 CL 14,9°;sis1;8a;1-15;3;;;5010677960014;61;-1;1;6;1;10.45
427031;RHUM BACARDI RESERVA OCHO 8ANS 70 CL 40°;sis1;8a;1-15;4;;;7610113001516;61;-1;1;6;1;28.1
429133;PATRON TEQUILA SILVER 70CL 40°;sis1;8a;1-15;5;;;7217330000739;38;-1;1;6;1;69.7
427036;SANTA TERESA 1796 70cl - 40°;sis1;8a;1-15;6;;;7591156404819;18;-1;1;6;1;45
429241;GIN BOMBAY BRAMBLE 70CL  37°5;sis1;8a;1-15;7;;;7640175742522;75;-1;1;6;1;29.49
429238;GIN BOSFORD ROSE 70CL  37°5;sis1;8a;1-15;8;;;7630040400695;121;-1;1;6;1;18.06
429161;ERISTOFF VODKA BRUT 1L 37.5°;sis1;8a;1-15;9;;;8410414000909;36;-1;1;6;1;20.55
429170;GREY GOOSE VODKA 70CL 40°;sis1;8a;1-15;10;;;5010677850100;62;-1;1;6;1;48
429160;WHISKY WILLIAM LAWSON'S BEER ED. FINISH 70 CL - 40°;sis1;8a;1-15;11;;;7640171032283;60;-1;1;6;1;14.39
429217;WHISKY CRAIGELLACHIE 17ANS  70 CL - 46°;sis1;8a;1-15;12;;;5000277004690;57;-1;1;6;1;105.6
429174;WHISKY WILLIAM LAWSON 70CL 40° + VERRE;sis1;8a;1-15;13;;;7640171033617;12;-1;1;6;1;13.41
429207;WHISKY AULTMORE 12 ANS 70 CL - 46°;sis1;8a;1-15;14;;;5000277000265;67;-1;1;6;1;48.4
429240;WHISKY WILLIAM LAWSON 1,5L - 40°;sis1;8a;1-15;15;;;5010752000390;216;-1;1;6;1;25
427022;RHUM BACARDI OAKHEART 70 CL  35°;sis1;8a;1-15;16;;;5010677740210;24;-1;1;6;1;16
429190;WHISKY ABERFELDY 12 ANS 70CL 40°;sis1;8a;1-15;17;;;5000277000982;165;-1;1;6;1;39.21
429191;WHISKY CRAIGELLACHIE 13ANS  70 CL - 46°;sis1;8a;1-15;18;;;5000277003389;228;-1;1;6;1;49.3
429144;LEBLON CACHACA 70 CL  40°;sis1;8b;1-18;0;;;3443210401002;152;-1;1;6;1;18.95
429176;WHISKY WILLIAM LAWSON SPICED 70 CL 35°;sis1;8b;1-18;1;;;5010752001281;70;-1;1;6;1;13.394
429140;WHISKY THE DEVERON SINGLE MALT 10 ANS 70CL 40°;sis1;8b;1-18;2;;;5010752000826;258;-1;1;6;1;25.88
425011;MARTINI ROSSO (ROUGE) 1,5 L 14,4 ° (CRD);sis1;8b;1-18;3;;;3011932000904;93;-1;1;6;56;15.188
425013;MARTINI BIANCO (BLANC) 1,5 L 14,4 ° (CRD);sis1;8b;1-18;4;;;3011932000928;194;-1;1;6;56;15.188
425034;MARTINI FIERO 75 CL;sis1;8b;1-18;5;;;7630040400268;1860;-1;1;6;1;12.77
425017;MARTINI ROSE (ROSATO) 1L  14.4 ° (CRD);sis1;8b;1-18;6;;;3011932000843;1271;-1;1;6;76;10.279
425033;MARTINI RISERVA AMBRATTO 75 CL;sis1;8b;1-18;7;;;5010677633550;119;-1;1;6;1;19.13
425010;MARTINI EXTRA DRY 1L - 18° (CRD);sis1;8b;1-18;8;;;3011930000036;16;-1;1;6;1;12.28
425012;MARTINI ROSSO (ROUGE) 1 L 14,4 ° (CRD);sis1;8b;1-18;9;;;3011932000805;3470;-1;1;6;76;10.279
425020;MARTINI ROSSO (ROUGE) 50 CL 14,4 ° (CRD);sis1;8b;1-18;10;;;3011932003301;0;-1;1;12;60;6.321
425021;MARTINI BIANCO (BLANC) 50 CL 14,4 ° (CRD);sis1;8b;1-18;11;;;5010677922258;28;-1;1;12;60;6.321
425014;MARTINI BIANCO (BLANC) 1 L 14,4 ° (CRD);sis1;8b;1-18;12;;;3011932000829;4300;-1;1;6;76;10.279
425018;MARTINI ROYALE/SPRITZ BIANCO (BLANC) 75CL  8° (CRD);sis1;8b;1-18;13;;;8000570860006;873;-1;1;6;1;10.41
621018;PAILLE COULEUR STRIEE IND. X 200;sis2;entree;roll1-4;0;;;621018;2174;-1;1;40;1;1.95
621010;PAILLE NOIRE FLEXIBLE x 200 NON EMBALLEE;sis2;entree;roll1-4;1;;;621010;1405;-1;1;50;16;1.75
626074;PORTE-GOBELETS POUR 2 GOB. x 100;sis2;entree;roll1-4;2;;;8420499192222;155;-1;1;6;20;10.79
626080;PORTE-GOBELETS POUR 4 GOB. x 75;sis2;entree;roll1-4;3;;;8420499192239;71;-1;1;4;1;13.99
323257;OIGNONS ROTIS COLONA 500 GR;sis2;entree;roll1-4;4;;;5410803290013;825;-1;1;10;1;2.85
153003;AIL FRIT 1 KG;sis2;entree;roll1-4;5;;;6909146070592;3;-1;1;12;1;5.25
623055;CUILLERE A SOUPE PLASTIC METALISEES x50;sis2;entree;roll1-4;6;;;5410508005769;5;-1;1;1;1;7.81
153011;AIL LAMELLE 500 GR;sis2;entree;roll1-4;7;;;3102870000139;80;-1;1;15;1;6.15
044020;NOIX DE CAJOU GRILLEE SALEE 1,13 KG KS;sis2;entree;roll1-4;8;;;400001978757;171;-1;1;1;1;23.25
055050;AMANDE GRILLEE, SALEE 1,13 KG KS;sis2;entree;roll1-4;9;;;096619620968;441;-1;1;1;1;18.19
141025;AMANDES CRUES 1.36KG KIRKLAND;sis2;entree;roll1-4;10;;;096619599172;177;-1;1;1;312;21.89
062073;BEIGNET CREVETTE 200 GR PSP;sis2;entree;roll1-4;11;;;3379141800464;151;-1;1;55;1;1.1
064050;FARINE FRITURE TEMPURA 500 GR;sis2;entree;roll1-4;12;;;4902170093515;34;-1;1;20;1;2.99
113105;FECULE POMME DE TERRE 1 KG;sis2;entree;roll1-4;13;;;3513086000088;142;-1;1;12;1;3.19
062185;FARINE SHUI KAO BLUETWIN SPOONS 1KG;sis2;entree;roll1-4;14;;;6920241590105;11;-1;1;10;1;3.99
062186;FARINE POUR BRIOCHE BAOZI 1KG;sis2;entree;roll1-4;15;;;6920241561013;60;-1;1;10;1;3.99
153020;SEL ROSE HIMALAYA 1KG;sis2;entree;roll1-4;16;;;3102870065923;0;-1;1;6;1;3.99
062070;BEIGNET CHIPS CREVETTE  1 KG PSP;sis2;entree;roll1-4;17;;;3379141800457;278;-1;1;12;1;4.69
012155;LAY'S MAX BARBECUE 120GR;sis2;entree;roll1-4;18;;;3168930155904;518;-1;12;12;56;1.55
044012;MELANGE NOIX 1.13KG KIRKLAND;sis2;entree;roll1-4;19;;;096619331895;142;-1;1;1;360;29.99
011023;BENENUTS SUNBREAKS SWEET CHILI 95GR;sis2;entree;roll1-4;20;;;3168930010418;81;-1;9;9;36;1.6
011024;BENENUTS SUNBREAKS SEA SALT 95GR;sis2;entree;roll1-4;21;;;3168930010425;211;-1;9;9;36;1.6
055038;AMANDES DECORTIQUEES 125GR;sis2;entree;roll1-4;22;;;3102870046113;103;-1;1;10;1;3.25
055039;AMANDES EMONDEES 125GR;sis2;entree;roll1-4;23;;;3102870046021;415;-1;1;10;1;5.5
055029;MIEL FLEURS BIO ORGANIC 1 KG LUNE DE MIEL;sis2;entree;roll1-4;24;;;3088541007112;138;-1;1;1;400;13.38
026417;PATE A TARTINER CHOCO-NOISETTES 1 KG KIRKLAND;sis2;entree;roll1-4;25;;;096619356140;494;-1;2;2;1;5.59
026418;NUTELLA PATE A TARTINER 1 KG;sis2;entree;roll1-4;26;;;3017624010701;59;-1;1;1;648;7.99
820010;RIZ JAPONAIS 1 KG SHINODE;sis2;entree;roll1-4;27;;;8005734100059;154;-1;1;10;1;2.55
115170;SAUCE HUITRE 2,27kg (5lb) KOON CHUN FER BLANC;sis2;11a;1-3;0;;;020717354807;574;-1;1;6;1;8.65
115161;SAUCE HUITRE 730 GR JIA;sis2;11a;1-3;1;;;3379140183629;331;-1;1;12;1;2.5
115090;SAUCE HUITRE PANDA BRAND 907 GR;sis2;11a;1-3;2;;;078895300031;1;-1;1;12;1;3.99
115172;SAUCE BEAN (SAUCE HARICOT) 13 OZ KOON CHUN (370grs);sis2;11a;1-3;3;;;020717200159;506;-1;1;24;1;1.79
115160;SAUCE HUITRE 425GRS (1lb) KOON CHUN;sis2;11a;1-3;4;;;020717352155;682;-1;1;24;1;2.05
115174;SAUCE PRUNE (PLUM) 15 OZ KOON CHUN 425GR;sis2;11a;1-3;5;;;020717220157;962;-1;1;24;1;2.43
115169;SAUCE BARBECUE BTE 5LB KOON CHUN;sis2;11a;1-3;6;;;020717243804;97;-1;1;6;1;8.09
115137;SAUCE HOISIN 15OZ (425 GR) KOON CHUN;sis2;11a;1-3;7;;;020717230156;1165;-1;1;24;1;1.99
115187;SAUCE PRUNE (PLUM) 5LB BOITE KOON CHUN;sis2;11a;1-3;8;;;020717223806;359;-1;1;6;1;11.15
113158;SAUCE B.B.Q. SATE 737 GR;sis2;11a;1-3;9;;;4711258007371;196;-1;1;12;1;10.25
115140;SAUCE PIMENT/CHILI 340 GRS (12oz) BOCAL KOON CHUN;sis2;11a;1-3;10;;;020717270121;77;-1;1;24;1;2.09
062041;PATE PIMENT ROUGE 500 GR COREE;sis2;11a;1-3;11;;;8801005171410;176;-1;1;12;1;3.19
115130;SAUCE PIMENT/CHILI 227GRS (8oz) BOCAL KOON CHUN;sis2;11a;1-3;12;;;020717270084;2091;-1;48;48;1;1.55
113011;PUREE DE PIMENT SAMBAL OELEK PSP 720GR;sis2;11a;1-3;13;;;3379140102781;128;-1;1;6;1;2.75
115175;SAUCE SOJA CLAIRE KOON CHUN SEAU 22.6KG;sis2;11a;1-3;14;;;;0;-1;1;1;1;32.05
115165;SAUCE SRIRACHA 793 GR;sis2;11a;1-3;15;;;8850643066916;282;-1;1;12;1;3.35
115062;SAUCE PIMENT/CHILI 16OZ KOON CHUN (480grs);sis2;11a;1-3;16;;;020717275164;3521;-1;1;12;1;2.783
115163;SAUCE THAI DANCER SWEET CHILI 900 GR (Vinaigre, Ail, Piment);sis2;11a;4-7;0;;;8852646019005;251;-1;1;12;1;2.69
115061;SAUCE PIMENT/CHILI BIDON 5LB KOON CHUN (2.27kg);sis2;11a;4-7;1;;;020717274907;3051;-1;1;6;30;8.29
112021;SAUCE SOJA SUPERIEURE KIKKOMAN PET 1L;sis2;11a;4-7;2;;;8715035110809;134;-1;1;6;1;5.95
115048;SAUCE SOJA CHAMPIGNON 5LB JIA;sis2;11a;4-7;3;;;3379140191440;151;-1;1;12;25;2.99
115047;SAUCE SOJA CHAMPIGNON 500 ML JIA;sis2;11a;4-7;4;;;3379140191426;598;-1;1;12;52;1.32
115045;SAUCE SOJA 5LB JIA;sis2;11a;4-7;5;;;3379140191402;657;-1;1;12;25;3.09
115176;SAUCE SOJA CLAIRE 500ML KOON CHUN;sis2;11a;4-7;6;;;020717102262;242;-1;1;12;50;1.69
115046;SAUCE SOJA 15 KG JIA;sis2;11a;4-7;7;;;3379140191419;57;-1;1;2;24;16.49
113138;SAUCE SOJA PEU SALE 150 ML YAMASA;sis2;11a;4-7;8;;;4903001011128;82;-1;1;12;1;3.35
113139;SAUCE SOJA SUCREE 300 ML YAMASA;sis2;11a;4-7;9;;;3760124508512;17;-1;1;12;1;4.29
115178;SAUCE SOJA CLAIRE 60floz KOON CHUN FER BLANC (1.77L);sis2;11a;4-7;12;;;020717103801;558;-1;1;6;1;3.99
422003;BOURBOGNAC 1,5L 35°;sis2;1a;1-4;0;;;3283770501152;259;-1;6;6;1;7.99
422000;BOURBOGNAC 1L 35°;sis2;1a;1-4;1;;;3283770551010;245;-1;6;6;76;6.03
422002;BOURBOGNAC 50 CL 35°;sis2;1a;1-4;2;;;3283770555018;624;-1;12;12;56;3.62
422001;BOURBOGNAC 20 CL 35°;sis2;1a;1-4;3;;;3283770552000;1680;-1;20;20;1;1.9
629055;BLOC  FACTURE BLANC 10x21 CM LOT DE 10 (TARIF AU LOT);sis2;1a;1-4;4;;;8420499177267;340;-1;1;14;1;10.99
629120;JEUX CARTE PIQUET (32);sis2;1a;1-4;5;;;5411068700217;9772;-1;14;150;1;0.64
629110;JEUX CARTE 52;sis2;1a;1-4;6;;;5411068630101;756;-1;9;160;1;1.798
629053;BLOC COMMANDE 50 FEUILLES DUPLI 10x15CM LOT DE 10 (TARIF AU LOT);sis2;1a;1-4;7;;;8420499177878;136;-1;1;10;1;4.35
629050;BLOC FACTURE 50 FEUILLES DUPLI 10x15CM LOT DE 10 (TARIF AU LOT);sis2;1a;1-4;8;;;8420499177953;146;-1;1;10;1;4.35
518150;CARTOUCHE A GAZ C 206 AVEC GAS LOCK;sis2;1a;1-4;9;;;3138522069179;58;-1;1;36;1;1.99
629054;BLOC COMMANDE 50 FEUILLES TRIPLI 10x15CM LOT DE 10 (TARIF AU LOT);sis2;1a;1-4;10;;;8420499177915;47;-1;1;10;1;6.19
629050;BLOC FACTURE 50 FEUILLES DUPLI 10x15CM LOT DE 10 (TARIF AU LOT);sis2;1a_3;1;0;;;8420499177953;146;-1;1;10;1;4.35
629055;BLOC  FACTURE BLANC 10x21 CM LOT DE 10 (TARIF AU LOT);sis2;1a_3;2;1;;;8420499177267;340;-1;1;14;1;10.99
629054;BLOC COMMANDE 50 FEUILLES TRIPLI 10x15CM LOT DE 10 (TARIF AU LOT);sis2;1a_2;1;2;;;8420499177915;47;-1;1;10;1;6.19
629120;JEUX CARTE PIQUET (32);sis2;1a_2;3;3;;;5411068700217;9772;-1;14;150;1;0.64
629116;POT KRAFT CARRE A PLAT CHAUD 8X7X10,5CM 780ML X 50;sis2;2a_3;1;0;;;8420499223247;337;-1;1;9;18;11.39
629117;POT KRAFT CARRE A PLAT CHAUD 9X7,5X11CM 960ML X 50;sis2;2a_3;3-4;1;;;8420499223254;322;-1;1;9;10;12.65
629116;POT KRAFT CARRE A PLAT CHAUD 8X7X10,5CM 780ML X 50;sis2;2a_3;5-8;2;;;8420499223247;337;-1;1;9;18;11.39
629116;POT KRAFT CARRE A PLAT CHAUD 8X7X10,5CM 780ML X 50;sis2;2a_3;5-8;3;;;8420499223247;337;-1;1;9;18;11.39
629116;POT KRAFT CARRE A PLAT CHAUD 8X7X10,5CM 780ML X 50;sis2;2a_3;5-8;4;;;8420499223247;337;-1;1;9;18;11.39
629117;POT KRAFT CARRE A PLAT CHAUD 9X7,5X11CM 960ML X 50;sis2;2a_3;5-8;5;;;8420499223254;322;-1;1;9;10;12.65
621044;COUVERCLE DOME POUR GOB. MILK SHAKE/BIERE X 100;sis2;2a_3;9-10;6;;;9555405106976;3243;-1;1;10;1;2.39
249143;THON PDF NATUREL ENTIER 1/6 (93grs);sis2;10a;1-4;0;;;3139323003799;11378;-1;24;24;120;1.33
249130;THON PDF NATUREL ENTIER 1/4 (130grs);sis2;10a;1-4;1;;;3139323003720;17698;-1;24;24;100;1.87
249140;THON PDF NATUREL ENTIER 1/2 (280gr);sis2;10a;1-4;2;;;3139323003652;14301;-1;12;12;96;3.6
249187;THON SAUPIQUET NATUREL POCHETTE 3/1 (1.8kg);sis2;10a;1-4;3;;;3106000116011;99;-1;1;6;1;17.35
249189;THON NATUREL EN MORCEAUX FURIC  4/4 PNE 600 GR;sis2;10a;1-4;4;;;3106000806035;375;-1;1;6;120;5.75
249160;THON PDF ENTIER A L'HUILE 1/5 (104grs);sis2;10a;1-4;6;;;3139328202012;4667;-1;24;24;100;1.83
249150;THON PDF ENTIER A L'HUILE 1/10 (52grs);sis2;10a;1-4;7;;;3139328200018;9611;-1;36;36;120;0.97
244030;ANNY SARDINE A L'HUILE 125G / 90G PNE;sis2;10a;1-4;8;;;6111260550212;6495;-1;50;50;96;0.63
249170;THON PDF MIETTE 1/10 (52grs);sis2;10a;1-4;9;;;3139328230015;7342;-1;36;36;120;0.86
249180;THON PDF MIETTE HUIL 1/5 (104grs);sis2;10a;1-4;10;;;3139328232019;12387;-1;24;24;100;1.66
244021;SARDINE ROBERT;sis2;10a;1-4;11;;;3165958355019;143873;-1;100;100;60;0.76
224015;RB HARICOT ROSE NAT 4/4;sis2;9b;1-4;0;;;3297386000466;85;-1;6;6;1;2.39
224008;RB POIS DU CAP NATUREL 5/1 4KG;sis2;9b;1-4;1;;;3297386000633;9;-1;3;3;1;8.39
218031;RB POIS DU CAP NAT 4/4 - 800gr;sis2;9b;1-4;2;;;3297386000374;0;-1;6;6;1;2.38
224017;RB HARICOT ROSE NAT 5/1 - 4 k°;sis2;9b;1-4;3;;;3559506000658;9;-1;3;3;1;7.99
224014;RB LENTILLE  NAT 4/4 800GR;sis2;9b;1-4;4;;;3297386000435;32;-1;6;6;1;2.39
224009;RB HARICOT RGE NAT 5/1 4KG;sis2;9b;1-4;5;;;3297386000619;2;-1;3;3;1;7.45
224011;RB HARICOT BLANC NAT 5/1 4KG;sis2;9b;1-4;6;;;3297386000626;1;-1;3;3;1;6.79
224023;RB HARICOT BL NAT 4/4;sis2;9b;1-4;7;;;3297386000343;43;-1;6;6;1;2.39
224013;RB HARICOT RGE NAT 4/4 (800 GR);sis2;9b;1-4;8;;;3297386000367;12;-1;6;6;1;2.39
218030;RB POIS DU CAP NAT 1/2;sis2;9b;1-4;9;;;3297387000175;126;-1;12;12;1;1.62
224010;RB LENTILLE  NAT 5/1 - 4 k°;sis2;9b;1-4;10;;;3297386000640;9;-1;3;3;1;6.7
224016;RB HARICOT ROSE NAT 1/2;sis2;9b;1-4;11;;;3297386000473;170;-1;12;12;1;1.65
224032;RB LENTILLE  NAT 1/2;sis2;9b;1-4;12;;;3297386000442;117;-1;12;12;1;1.49
224022;RB HARICOT BL NAT 1/2;sis2;9b;1-4;13;;;3297386000350;115;-1;12;12;1;1.49
223056;CONCENTRE DOUBLE TOMATE MUTTI 5/1 - 4500 GR;sis2;9b;1-4;14;;;8005110010033;102;-1;1;3;55;15.19
224012;RB HARICOT RGE NAT 1/2;sis2;9b;1-4;15;;;3297386000398;175;-1;12;12;1;1.49
223057;CONCENTRE DOUBLE TOMATE MUTTI 4/4 - 880GR;sis2;9b;1-4;16;;;8005110020001;744;-1;1;6;1;5.99
223032;TOMATE PELEE CONCASSEE MUTTI 5/1 4.05KG;sis2;9b;1-4;17;;;8005110100000;217;-1;3;3;55;6.88
153054;PATE SOJA ROUGE 750 GR TAKEDAMISO;sis2;11a;8-11;0;;;4979369007639;94;-1;1;8;1;4.59
062008;FEUILLE DE NORI ALGUES POUR SUSHI 110 GR;sis2;11a;8-11;1;;;8809059294703;468;-1;1;20;1;8.35
115162;SAUCE POISSON CONCA 720 ML;sis2;11a;8-11;2;;;3379140607675;419;-1;1;12;1;1.99
153081;PATE SOJA BLANC 1 KG;sis2;11a;8-11;3;;;4979369123520;101;-1;1;10;1;5.99
151009;GINGEMBRE POUR SUSHI 360 GR;sis2;11a;8-11;4;;;3379145013648;304;-1;1;24;1;2.05
113160;SAUCE P/KIMCHEE 300 ML;sis2;11a;8-11;6;;;4901108005033;101;-1;1;12;1;3.49
113162;SAUCE SATAY MEL. 200 GR;sis2;11a;8-11;7;;;8850643000712;0;-1;1;24;1;1.99
113163;SAUCE PAD THAI 225 GR;sis2;11a;8-11;8;;;8850643003478;96;-1;1;24;1;1.99
013012;WASABI MOUTARDE EN POUDRE 1 KG S&B;sis2;11a;8-11;9;;;8801558101230;83;-1;1;10;1;15.33
153078;ASSAISONNEMENT DASHI POUR SOUPE POISSON 1 KG;sis2;11a;8-11;10;;;4901740122532;22;-1;1;10;1;11.99
062073;BEIGNET CREVETTE 200 GR PSP;sis2;11a;8-11;11;;;3379141800464;151;-1;1;55;1;1.1
153079;ALGUE WAKAME SECHEE COUPEE 200 GR;sis2;11a;8-11;12;;;4985636007516;86;-1;1;10;1;9.15
061008;"PREPARATION POUR CURRY MEDIUM HOT 92 GR ""GOLDEN CURRY""";sis2;11a;8-11;13;;;074880030051;138;-1;1;24;1;2.55
113053;SAUCE TERIYAKI 250 ML KIKKOMAN;sis2;11a;8-11;14;;;8715035210301;30;-1;1;6;1;3.59
113151;SAUCE POUR ROULEAUX DE PRINTEMPS 380ML PSP;sis2;11a;8-11;15;;;8935000903063;181;-1;1;24;1;1.65
113152;SAUCE SALA. PAPAYE 200 GR;sis2;11a;8-11;16;;;8850643016539;91;-1;1;24;1;1.19
062078;NOUILLE JAUNE 400 GR;sis2;11a;8-11;17;;;3379140622906;268;-1;1;30;1;2.29
062070;BEIGNET CHIPS CREVETTE  1 KG PSP;sis2;11a;8-11;18;;;3379141800457;278;-1;1;12;1;4.69
062032;NOUILLE UDON 200 GR;sis2;11a;8-11;19;;;8809059292952;662;-1;1;30;1;0.75
062074;"NOUILLE SEC ""F"" 454 GR";sis2;11a;8-11;20;;;3379140212923;327;-1;1;60;1;1.89
113117;SAUCE WORCESTERSHIRE LEA & PERRINS 290ML;sis2;11a;8-11;21;;;5000111001540;47;-1;1;12;1;3.15
113154;SAUCE THAI DANCER PIM. ANANAS 300 ML;sis2;11a;8-11;22;;;8852646343001;71;-1;1;12;1;2.15
113156;SAUCE POIVRE NOIR THAI DANCER 300 ML;sis2;11a;8-11;23;;;8852646133008;89;-1;1;12;1;1.99
113155;SAUCE PIM. F/MER THAI DANCER 300 ML;sis2;11a;8-11;24;;;8852646163005;38;-1;1;12;1;1.99
113153;SAUCE STEAK THAI DANCER 300 ML;sis2;11a;8-11;25;;;8852646353000;15;-1;1;12;1;1.99
113157;SAUCE GINGEMBRE THAI DANCER 300 ML;sis2;11a;8-11;26;;;8852646143007;103;-1;1;12;1;1.99
062075;NOUILLE SECHE INSTANT. 500 GR KAILOU;sis2;11a;8-11;27;;;6909146706897;216;-1;1;24;1;3.45
062011;NOUILLE AROM POULET 120 GR KAILO;sis2;11a;8-11;28;;;3379140196773;303;-1;1;12;1;1.65
062009;NOUILLE AROM CHAMPIGNON 120 GR KAILO;sis2;11a;8-11;29;;;3379140196759;254;-1;1;12;1;1.65
062010;NOUILLE AROM BOEUF 120 GR KAILO;sis2;11a;8-11;30;;;3379140196797;293;-1;1;12;1;1.65
115136;VINAIGRE DE RIZ 500ML KOON CHUN;sis2;11a;12-15;0;;;020717632226;3;-1;1;12;1;2.35
115139;VINAIGRE DE RIZ MIZKAN 900 ML;sis2;11a;12-15;2;;;073575273193;182;-1;1;12;1;4.4
062129;"MINE AUX OEUFS ""LONG LIFE"" OU ""LEYAO"" 400Gr";sis2;11a;12-15;3;;;4892936888229;2356;-1;1;50;20;0.97
051024;VINAIGRE BALSAMIQUE MODENE HORECA 1L;sis2;11a;12-15;4;;;3439495022261;96;-1;1;6;1;4.77
051023;VINAIGRE BALSAMIQUE MODENE 5 L GIDCHEF (PRIX AU LITRE);sis2;11a;12-15;5;;;8033813740438;830;-1;5;10;70;2.99
162010;VINAIGRE ALCOOL INCOLORE 8° 1L FUCHS;sis2;11a;12-15;6;;;3104180224014;3923;-1;12;12;40;0.95
223035;VINAIGRE DE TOMATE MUTTI 500ML;sis2;11a;12-15;7;;;8005110750502;259;-1;6;6;1;3.62
162011;VINAIGRE ESTRAGON 6° 50 CL FUCHS SAVEURS;sis2;11a;12-15;8;;;3104181911500;24;-1;1;12;1;2.6
115135;HUILE DE SESAME 500ML KOON CHUN;sis2;11a;12-15;10;;;020717812208;289;-1;1;12;50;8.45
162020;VINAIGRE ALCOOL COLORE 6° 1L FUCHS;sis2;11a;12-15;11;;;3104180222010;4743;-1;12;12;40;0.9
115133;HUILE DE SESAME 410ML JIA;sis2;11a;12-15;12;;;3379145033721;480;-1;1;12;1;6.49
115134;HUILE DE SESAME 2,5 L JIA;sis2;11a;12-15;13;;;3379140195516;275;-1;1;6;1;23.7
141021;"HUILE DE RIZ ""RIZI"" 5L (PRIX AU BIDON)";sis2;11a;12-15;14;;;8850345950445;1464;-1;1;4;36;15.5
141020;"HUILE DE RIZ ""RIZI"" 1L";sis2;11a;16-19;0;;;8850345911293;525;-1;12;12;48;3.3
141017;HUILE GIDCHEF 5L SPECIALE FRITURE  (PRIX AU BIDON);sis2;11a;16-19;1;;;3281711300055;8905;-1;1;4;36;12.75
141026;"HUILE DE RIZ BRUN ""ALFA ONE"" PET 75 CL";sis2;11a;16-19;2;;;9417986941684;658;-1;12;12;1;3.99
141019;HUILE TOURNESOL 1ER PRIX 1 L;sis2;11a;16-19;3;;;3490950412317;21979;-1;15;15;54;1.79
113047;MAYONNAISE TUBE LESIEUR 175GR;sis2;11a;16-19;4;;;3011360030498;250;-1;24;24;1;1.15
112042;SAUCE SALADE CORBEILLE D'OR BIDON 5L;sis2;11a;16-19;5;;;3490950171061;26;-1;1;1;1;10.99
141018;HUILE OLIVE EXTRA VIERGE GIDCHEF 5 L (PRIX AU BIDON);sis2;11a;16-19;6;;;3281717000058;736;-1;1;4;36;22.95
113021;KETCHUP BIDON CORBEILLE D'OR NATURE 5,5 KG;sis2;11a;16-19;7;;;3490950134066;119;-1;1;4;36;11.05
141023;HUILE OLIVE EXTRA VIERGE GIDCHEF 1 L;sis2;11a;16-19;8;;;3281717000010;7165;-1;15;15;54;4.69
113022;MAYONNAISE BIDON CORBEILLE D'OR NATURE 5L;sis2;11a;16-19;9;;;3490950124067;90;-1;1;4;36;14.79
626110;GANT VINYLE NON POUDRE DOULUX x 100 (Taille XL);sis2;17b;4-7;0;;;3261940206267;4;-1;1;10;1;8.99
626109;GANT VINYLE NON POUDRE DOULUX x 100 (Taille L);sis2;17b;4-7;1;;;3261940206250;43;-1;1;10;1;8.99
626085;GANT VINYLE NON POUDRE DOULUX x100  (Taille M);sis2;17b;4-7;2;;;3261940206243;142;-1;1;10;1;8.99
626084;GANT VINYLE NON POUDRE DOULUX x 100 (Taille S);sis2;17b;4-7;3;;;3261940206236;0;-1;1;10;1;8.99
626112;GANT LATEX NON POUDRE DOULUX X 100 (Taille XL);sis2;17b;4-7;4;;;3261940206229;70;-1;1;10;1;10.35
626111;GANT LATEX NON POUDRE DOULUX X 100 (Taille L);sis2;17b;4-7;5;;;3261940206212;95;-1;1;10;1;10.35
626095;GANT LATEX NON POUDRE DOULUX X 100 (Taille M);sis2;17b;4-7;6;;;3261940206205;121;-1;1;10;1;10.35
626098;GANT LATEX NON POUDRE DOULUX X 100 ( Taille S );sis2;17b;4-7;7;;;3261940206199;76;-1;1;10;1;10.35
626194;GANT NITRILE NON POUDRE DOULUX x 100 (Taille XL);sis2;17b;4-7;8;;;3261940206397;0;-1;1;10;1;14.99
626192;GANT NITRILE NON POUDRE DOULUX X 100 (Taille L);sis2;17b;4-7;9;;;3261940206380;0;-1;1;10;1;14.99
628167;PAPIER CUISSON ROULEAU 15x0.30M;sis2;17b;4-7;11;;;3434030023413;402;-1;1;24;1;1.79
621051;CHARLOTTE BLANC BOITE DE 300;sis2;17b;4-7;12;;;03662036015174;14;-1;1;1;1;17.25
518162;SURCHAUSSURE PE BLEUE REF OJP001 x 50;sis2;17b;4-7;13;;;;181;-1;1;1;1;4.25
518130;MANCHETTE PE BLEU 50 CM x 50;sis2;17b;4-7;14;;;;95;-1;1;20;1;4.05
723020;FILM ETIRABLE ELBE 30 M x 0,29M;sis2;17b;4-7;15;;;3434032384307;249;-1;1;24;1;1.2
723080;FILM CUISSON PET AVEC LIENS 50CMx50M;sis2;17b;4-7;16;;;8003980580021;47;-1;1;16;1;23.84
723042;PAPIER ALU ELBE 50 M;sis2;17b;4-7;17;;;3434030301450;228;-1;1;24;1;3.456
723021;FILM ETIRABLE ELBE 300 M X30 CM;sis2;17b;4-7;18;;;3434030013537;431;-1;1;6;1;5.95
723015;SAC CONGELATION ZIP 20x32CM x 20;sis2;17b;4-7;19;;;3434030620322;238;-1;1;24;1;1.65
721010;FILM ETIRABLE ALIMENTAIRE 300MX450;sis2;17b;4-7;20;;;3434030013544;848;-1;1;6;1;7.35
723044;PAPIER ALU ELBE 200 M x0.29 M;sis2;17b;4-7;21;;;3434030013476;318;-1;1;3;1;15.2
723014;SAC CONGELATION ZIP 18x22CM x 20;sis2;17b;4-7;22;;;3434030618220;265;-1;1;24;1;1.25
723016;SAC CONGELATION ZIP 3 TAILLES x50  REF. CONZ3FSM;sis2;17b;4-7;23;;;3434030603509;141;-1;1;14;1;3.44
724020;PAPIER ALU 200 M X45 CM PROF.;sis2;17b;4-7;24;;;3434030013490;261;-1;1;6;1;21.29
034101;M&M'S CACAHUETE 45G X24;sis2;8b;1-4;0;;;5000159460293;198;-1;24;24;1;0.59
034103;KINDER BUENO CHOCOLAT 43 G X30;sis2;8b;1-4;1;;;8000500073698;0;-1;30;30;1;0.96
034020;BOUNTY CHOCOLAT 57 GR X 24;sis2;8b;1-4;2;;;4011100240216;72;-1;24;24;12;0.6
025214;KIT KAT 41,5 GRSX36;sis2;8b;1-4;3;;;7613035356023;72;-1;36;36;1;0.55
037058;KIT KAT CHUNKY MILK X 24;sis2;8b;1-4;4;;;3800020488850;144;-1;24;24;1;0.59
037045;TV BAR MILK  47G X 40;sis2;8b;1-4;5;;;6001120609900;0;-1;40;40;1;0.75
036024;HOLLYWOOD TAB FRAISE;sis2;8b;1-4;6;;;3014680005092;220;-1;20;300;1;0.68
036020;HOLLYWOOD TAB CHLOROPHYL;sis2;8b;1-4;7;;;3014680004477;100;-1;20;300;1;0.68
036023;HOLLYWOOD TAB MENTHOL;sis2;8b;1-4;8;;;3014680059071;20;-1;20;300;1;0.68
036163;MALABAR 200 P. FRAISE;sis2;8b;1-4;9;;;3664346305808;2;-1;1;8;1;15.85
036162;MALABAR 200 P. MENTHE VERTE;sis2;8b;1-4;10;;;3664346305815;1;-1;1;8;1;15.85
036161;MALABAR 200 P. TUTTI;sis2;8b;1-4;11;;;3664346305846;3;-1;1;8;1;15.85
037064;SMARTIES BOITE PLIANTE 24x38G;sis2;8b;1-4;12;;;7613039199671;48;-1;24;24;1;0.57
038231;NUTS SINGLE CHOCOLAT 42 G. X 24;sis2;8b;1-4;13;;;8593893720459;96;-1;24;24;1;0.553
036371;CARAMBAR CARAMEL BOITE X180;sis2;8b;1-4;15;;;3664346313377;2;-1;1;6;1;15.85
037038;CRUNCH SNACK 33 GR X 30;sis2;8b;1-4;16;;;7613036257176;29;-1;30;30;1;0.49
038050;LION BARRE PEANUT 41GRS X 24;sis2;8b;1-4;17;;;7613033950957;96;-1;24;24;1;0.42
037056;SNICKERS 50 GRS x 24;sis2;8b;1-4;18;;;5000159461580;145;-1;24;24;12;0.6
034060;TWIX 50GRS x 25;sis2;8b;1-4;19;;;5000159461085;125;-1;25;25;10;0.59
034040;MARS CHOCOLAT 51 GRS x 24;sis2;8b;1-4;20;;;5000159409056;168;-1;24;24;12;0.6
031062;VRAC MENTHE CLAIRE PIE 1KG;sis2;8b;1-4;21;;;3664346305655;0;-1;1;8;1;7.85
012041;VRAC LIKING HAPPY FRUIT 1 KG;sis2;8b;1-4;22;;;8002415801106;2;-1;1;12;1;5.71
037053;VRAC LUTTI DURMINT 1 KG;sis2;8b;1-4;23;;;3116740023524;0;-1;1;12;1;6.9
036380;KREMA REGAL'AD 2 KG;sis2;8b;1-4;24;;;3664346305648;1;-1;1;6;1;16.99
012145;VRAC LUTTI ARLEQUIN ORIGINAL 1kg;sis2;8b;1-4;25;;;3116740032694;0;-1;1;12;1;9.59
026417;PATE A TARTINER CHOCO-NOISETTES 1 KG KIRKLAND;sis2;9a;1-4;0;;;096619356140;494;-1;2;2;1;5.59
026418;NUTELLA PATE A TARTINER 1 KG;sis2;9a;1-4;1;;;3017624010701;59;-1;1;1;648;7.99
026531;CAFE MOULU LE LION 250 GR X24;sis2;9a;1-4;2;;;3352330590452;435;-1;24;24;50;2.5
026533;CAFE EN GRAINS LAVAZZA ROSSA 1KG;sis2;9a;1-4;3;;;8000070035188;551;-1;1;1;400;18.99
024170;CEREALE CHOCAPIC CHOCOLAT 430 GR;sis2;8b;5-8;0;;;7613034626844;0;-1;1;18;1;3.67
024181;CEREALE LION 480GR;sis2;8b;5-8;1;;;7613032192570;173;-1;1;22;1;4.95
024177;CEREALE NESQUICK 450 GR;sis2;8b;5-8;2;;;7613035144699;77;-1;1;12;1;3.79
032043;CHOCOLAT GALAK BLANC 100GR;sis2;8b;5-8;3;;;3033710001057;6;-1;20;20;1;1.5
039042;CHOCOLAT CRUNCH 100GR LOT 4+1 OFFERT;sis2;8b;5-8;4;;;8000300295153;25;-1;1;12;1;5.63
039044;CHOCOLAT KOHLER PATISSIER 170 GR;sis2;8b;5-8;5;;;8593893762862;31;-1;1;12;1;1.96
039038;CHOCOLAT NESTLE DESSERT NOIR 2X200GR;sis2;8b;5-8;6;;;7613035898677;30;-1;1;20;1;5.79
012030;FRUTMAN BOITE 200 PIECES PECHE;sis2;8b;5-8;7;;;8412147005824;2;-1;1;6;1;9.22
012031;FRUTMAN BOITE 200 PIECES ANANAS;sis2;8b;5-8;8;;;8412147006609;2;-1;1;6;1;9.22
012036;SUCETTES TACHE LANGUE PICA LINA - SAC. 200 PCS;sis2;8b;5-8;9;;;8412147021633;4;-1;1;8;1;10.14
012038;SUCETTE COEUR BTE 110 PCS - COLA;sis2;8b;5-8;10;;;8410805016281;0;-1;1;6;1;10.14
026529;NESQUIK 490 GR;sis2;8b;5-8;11;;;7613034916891;65;-1;1;12;1;3.2
026519;NESQUIK PLUS 250G;sis2;8b;5-8;12;;;3033710065066;23;-1;15;15;1;2.09
039039;CHOCOLAT NESTLE DESSERT NOIR 205Gr;sis2;8b;5-8;13;;;7613035040823;27;-1;5;20;1;2.97
039045;CHOCOLAT KOHLER CHOCOLAT LOT 4+1 OFFERT 100Gr;sis2;8b;5-8;14;;;3033710510788;0;-1;1;12;1;4.76
039036;EXTRAFINO 123G CHOCOLAT LAIT NOISETTES NESTLE;sis2;8b;5-8;15;;;7613035268364;54;-1;1;28;1;1.52
024169;EXTRAFINO 125G CHOCOLAT LAIT INTENSE NESTLE;sis2;8b;5-8;16;;;7613036928113;131;-1;1;28;1;1.39
039047;CHOCOLAT KOHLER NOIR 100 GR;sis2;8b;5-8;17;;;8593893762787;49;-1;1;20;1;1.19
064020;FARINE RIZ GLUANT 400 GR EAGLOBE;sis2;9a;5-8;0;;;3379140602465;383;-1;1;50;1;1.39
062076;FARINE DE RIZ 400GR EAGLOBE;sis2;9a;5-8;1;;;3379140602441;191;-1;1;50;1;1.42
026441;COLORANT ROUGE 50 ML;sis2;9a;5-8;2;;;3102870004618;4;-1;1;12;1;1.39
026527;LAIT CONCENTRE SUCRE NESTLE 387 GR S/ LACTOSE;sis2;9a;5-8;3;;;7613036954198;14;-1;6;6;1;2.21
026532;LAIT CONCENTRE SUCRE 1/2 ECREME NESTLE 6X30GR;sis2;9a;5-8;4;;;7613033635410;38;-1;1;20;1;2.48
026530;LAIT CONCENTRE SUCRE NESTLE 397 GR - 8% MG;sis2;9a;5-8;5;;;7613036443388;61;-1;1;12;1;2.59
064021;FARINE RIZ NEIGE 454 GR;sis2;9a;5-8;6;;;446558001838;82;-1;1;25;1;2.39
062185;FARINE SHUI KAO BLUETWIN SPOONS 1KG;sis2;9a;5-8;8;;;6920241590105;11;-1;1;10;1;3.99
051040;LEVURE CHIMIQUE 1 KG;sis2;9a;5-8;9;;;3027030032648;143;-1;1;6;1;6.19
051033;LEVURE BOULANGERE X 8;sis2;9a;5-8;10;;;3102870046212;163;-1;1;12;1;1.59
153029;GRAINES DE SESAME 500 GR ESPIG;sis2;9a;5-8;11;;;3102870018639;5;-1;1;10;1;4.04
153034;GRAINE SESAME BLANC 227 GR;sis2;9a;5-8;12;;;3379140103795;97;-1;1;50;1;1.45
019808;ANANAS MORCEAU AU SIROP 565 GR PSP;sis2;9a;5-8;13;;;3379140616639;0;-1;1;24;1;1.45
026526;LAIT CONCENTRE SUCRE NESTLE 1Kg;sis2;9a;5-8;14;;;3033710050000;163;-1;1;12;1;6.18
026427;AROME VANILLINE 250 ML;sis2;9a;5-8;15;;;3102870046663;1;-1;1;10;1;2.99
026480;AROME FLEUR D ORANGER 250 ML;sis2;9a;5-8;16;;;3102870046533;55;-1;1;1;1;2.29
026425;AROME PISTACHE S/ ALCOOL 50 ML;sis2;9a;5-8;17;;;3102870000795;3;-1;1;1;1;0.99
055035;GELATINE EN FEUILLES 12GR;sis2;9a;5-8;18;;;3102870046298;333;-1;1;25;1;1.3
055049;AMANDES EN POUDRE 125GR;sis2;9a;5-8;19;;;3102870046038;104;-1;1;10;1;2.95
055042;AMANDES EFFILEES 125GR;sis2;9a;5-8;20;;;3102870046014;193;-1;1;10;1;3.05
055039;AMANDES EMONDEES 125GR;sis2;9a;5-8;21;;;3102870046021;415;-1;1;10;1;5.5
154044;GRAINES DE LIN SACHET 100 GR ESPIG;sis2;9a;5-8;22;;;3102870009538;1;-1;1;1;1;0.99
154045;PAVOT BLEU SACHET 100 GR ESPIG;sis2;9a;5-8;23;;;3102870008692;25;-1;1;1;1;1.02
051041;LEVURE BOULANGERE 500 GR DCL;sis2;9a;5-8;24;;;3516664460007;13;-1;1;20;1;2.25
051042;LEVURE BOULANGERE 500 GR SAF ROUGE;sis2;9a;5-8;25;;;3267793000007;12;-1;1;20;1;2.59
026421;CREME DE COCO 400 GR PSP;sis2;9a;5-8;26;;;8851011322184;274;-1;1;24;1;2.69
820654;NOIX DE COCO RAPEE EXOTIC FABRIC 100GR;sis2;9a;5-8;27;;;3395041300019;10;-1;1;12;1;1.3
055029;MIEL FLEURS BIO ORGANIC 1 KG LUNE DE MIEL;sis2;9a;5-8;28;;;3088541007112;138;-1;1;1;400;13.38
019809;LONGANIS AU SIROP 565 GR PSP;sis2;9a;5-8;29;;;3379140604933;127;-1;1;24;1;2.39
026473;RB CONFITURE BANANE 250 GRS;sis2;9a;5-8;30;;;3559509000501;4;-1;6;6;1;2.45
026479;RB CONFITURE GOYAVIER 250 GRS;sis2;9a;5-8;31;;;3559509000518;2;-1;6;6;1;2.55
026478;RB CONFITURE PAPAYE 250 GRS;sis2;9a;5-8;32;;;3559509000488;3;-1;6;6;1;2.45
026474;RB CONFITURE TOMATE 250 GRS;sis2;9a;5-8;33;;;3559509000495;3;-1;6;6;1;2.45
026419;NUTELLA PATE A TARTINER 180 GR;sis2;9a;5-8;34;;;80177425;9;-1;16;16;1;2.22
113028;AROME SAVEURS MAGGI 1KG (800ML);sis2;11a;20-23;0;;;3033710084005;4;-1;1;6;1;8.09
113031;AROME SAVEUR MAGGI 250 G (200ML);sis2;11a;20-23;1;;;3033710084913;31;-1;1;12;1;3.29
062177;VERMICELLES PATATE DOUCE 500 GR;sis2;11a;20-23;2;;;3379140122789;1879;-1;1;30;1;2.99
062175;VERMICELLES DE RIZ LARGE EAGLOBE 400GR;sis2;11a;20-23;3;;;3379140614901;471;-1;1;34;1;1.95
323031;GALETTE RIZ 22 CM (400 GR);sis2;11a;20-23;4;;;3379141822848;49;-1;1;50;1;2.09
323000;GALETTE RIZ 32 CM (1KG);sis2;11a;20-23;5;;;3379141832823;330;-1;1;20;1;5.19
062037;VERMICELLES KONJAC 228 GR;sis2;11a;20-23;6;;;6925730570170;328;-1;1;20;1;1.69
323030;GALETTE RIZ 16 CM (400 GR);sis2;11a;20-23;7;;;3379141822879;405;-1;1;50;1;2.09
323005;GALETTE RIZ 28 CM (500 GR);sis2;11a;20-23;8;;;3379141811521;667;-1;1;30;1;2.79
026080;DAKATINE 215 GRS (1/4);sis2;11a;20-23;9;;;3051106602152;10324;-1;24;24;60;1.89
062176;VERMICELLES DE RIZ 375 GR EG;sis2;11a;20-23;10;;;3379141815130;505;-1;1;34;1;1.39
062149;"VERMICELLES DE SOJA ""LUNGKOW"" 1 KG";sis2;11a;20-23;11;;;6933414101251;43;-1;1;25;1;5.75
026082;DAKATINE 5/1 (4.3kg);sis2;11a;20-23;13;;;3051106645005;84;-1;1;6;1;24.5
026100;DAKATINE 850 GRS (4/4);sis2;11a;20-23;14;;;3051106608505;127;-1;12;12;36;5.55
113142;HUILE PIMENTEE COLONA DOSETTE 4 ML X 200;sis2;11a;24-27;0;;;5410803850170;2;-1;1;4;1;6.89
141011;HUILE PIMENTEE EXTRA FORTE COLONA 3ML x 1000;sis2;11a;24-27;1;;;5410803850279;0;-1;1;1;1;33.65
113055;DOSETTE BIGGY BURGER COLONA 10GR X 150;sis2;11a;24-27;2;;;5410803849952;109;-1;1;4;1;7.99
113034;DOSETTE BARBECUE COLONA 10GR X 150;sis2;11a;24-27;3;;;5410803850125;115;-1;1;4;1;7.99
113036;DOSETTE SAMOURAI COLONA 10GR X 150;sis2;11a;24-27;4;;;5410803850200;76;-1;1;4;1;7.75
113064;DOSETTE KETCHUP COLONA 10 GR X 150;sis2;11a;24-27;5;;;5410803850132;56;-1;1;4;1;6.49
113052;SAUCE COLONA BOURGY BURGER 900GR;sis2;11a;24-27;6;;;5410803300620;363;-1;1;12;40;4.15
113017;SAUCE COLONA HAMBURGER 840ML;sis2;11a;24-27;7;;;5410803806023;133;-1;1;12;1;4.15
113058;SAUCE COLONA TARTARE FLACON 855ml;sis2;11a;24-27;8;;;5410803300057;103;-1;1;12;1;4.15
113046;SAUCE COLONA OIGNONS/POIVRONS 890GR;sis2;11a;24-27;9;;;5410803300941;194;-1;1;12;1;4.15
113024;SAUCE COLONA CURRY 850 GR;sis2;11a;24-27;10;;;5410803300804;22;-1;1;12;1;4.15
113045;SAUCE COLONA MOUTARDE DIJON FLACON 950ML;sis2;11a;24-27;11;;;5410803300583;109;-1;1;12;40;3.45
113004;SAUCE COLONA MAYONNAISE FLACON 950 ML;sis2;11a;24-27;12;;;5410803700109;98;-1;1;12;40;3.8
113040;SAUCE COLONA KETCHUP FLACON 950ML;sis2;11a;24-27;13;;;5410803806016;436;-1;1;12;40;3.45
113041;SAUCE COLONA BARBECUE FLACON 900ML;sis2;11a;24-27;14;;;5410803300538;744;-1;1;12;1;4.15
062170;SAUCE COLONA POMMES FRITES 900ML;sis2;11a;24-27;15;;;5410803009967;77;-1;1;12;1;4.15
113068;SAUCE COLONA AMERICAINE FLACON 900ML;sis2;11a;24-27;16;;;5410803300576;92;-1;1;12;1;4.15
154063;SAUCE COLONA HANNIBAL 850G;sis2;11a;24-27;17;;;5410803300705;139;-1;1;12;1;4.15
113039;SAUCE COLONA THAI CHILI FLACON 950ML;sis2;11a;24-27;18;;;5410803300682;102;-1;1;12;1;4.15
113058;SAUCE COLONA TARTARE FLACON 855ml;sis2;11a;24-27;19;;;5410803300057;103;-1;1;12;1;4.15
113042;SAUCE COLONA ANDALOUSE FLACON 840 ML;sis2;11a;24-27;20;;;5410803300613;325;-1;1;12;1;4.15
113044;SAUCE COLONA POIVRE VERT 875 GR;sis2;11a;24-27;21;;;5410803300958;296;-1;1;12;40;4.15
113052;SAUCE COLONA BOURGY BURGER 900GR;sis2;11a;24-27;22;;;5410803300620;363;-1;1;12;40;4.15
026547;CAPRIMO / LE ROYAL DOS. CHOCOLAT CHAUD 16.5% CACAO 20GR X 100;sis2;8b;9-12;0;;;7350022395145;56;-1;1;1;1;39.99
026553;CAPRIMO CAPPUCCINO 1 KG;sis2;8b;9-12;1;;;7350022390058;83;-1;1;10;1;13.79
026554;CAPRIMO CAPPUCCINO VANILLE 1 KG;sis2;8b;9-12;2;;;7350022390072;26;-1;1;10;1;13.79
026558;CAPRIMO CHAI LATTE 1 KG;sis2;8b;9-12;3;;;7350022392731;205;-1;1;10;1;13.79
024178;BONJOUR RICORE 400G;sis2;8b;9-12;4;;;3033710071005;6;-1;1;6;1;6.35
026097;NESCAFE SPECIAL FILTRE 2GRX25;sis2;8b;9-12;5;;;3033710076017;28;-1;1;12;1;3.15
013802;CHOC KITS 200G X 12;sis2;8b;9-12;6;;;6001056119009;13;-1;1;12;1;2.25
012105;LOACKER 45GX25 CACAO;sis2;8b;9-12;7;;;8000380101269;1;-1;1;1;1;13.65
013803;CHOC KITS WHITE 200 GR X 12;sis2;8b;9-12;8;;;6001056119016;5;-1;1;12;1;2.19
026524;NESCAFE CAPPUCCINO STICKS 14 GR x 10;sis2;8b;9-12;9;;;3033710047765;2;-1;1;6;1;3.89
026540;CAFE MOULU LE LION ARABICA 250 GR;sis2;8b;9-12;10;;;3352330590483;32;-1;24;24;1;3.55
013808;LOACKER 175 GR CACAO;sis2;8b;9-12;11;;;8000380007264;3;-1;1;18;1;1.91
013808;LOACKER 175 GR CACAO;sis2;8b;9-12;12;;;8000380007264;3;-1;1;18;1;1.91
012103;LOACKER 45GX25 NAPOLITANER;sis2;8b;9-12;13;;;8000380101214;0;-1;1;1;1;13.19
012105;LOACKER 45GX25 CACAO;sis2;8b;9-12;14;;;8000380101269;1;-1;1;1;1;13.65
012104;LOACKER 45GX25 LAIT;sis2;8b;9-12;15;;;8000380101276;0;-1;1;1;1;13.65
013800;LOACKER 45GX25 VANILLE;sis2;8b;9-12;16;;;8000380101245;3;-1;1;1;1;13.65
820301;CAFE EN GRAINS SIS 1KG;sis2;8b;9-12;17;;;3269578203016;936;-1;15;15;63;2.98
026539;CAFE MOULU LE LION VANILLE 250 GR;sis2;8b;9-12;18;;;3352330590506;50;-1;24;24;1;4.49
026538;CAFE MOULU LE LION DOSETTES X 40;sis2;8b;9-12;19;;;3352330590605;9;-1;1;14;1;5.99
026522;NESCAFE SELECTION CAFE 200G;sis2;8b;9-12;20;;;3033710075225;40;-1;1;6;1;7.43
026523;NESCAFE SELECTION CAFE 50G;sis2;8b;9-12;21;;;3033710075232;12;-1;12;12;1;2.96
026553;CAPRIMO CAPPUCCINO 1 KG;sis2;8b;13-15;0;;;7350022390058;83;-1;1;10;1;13.79
026555;CAPRIMO CAPPUCCINO NOISET. 1 KG;sis2;8b;13-15;1;;;7350022390539;9;-1;1;10;1;13.79
026512;NESCAFE DOLCE GUSTO LUNGO x 16;sis2;8b;13-15;2;;;7613037883121;22;-1;1;6;1;5.29
026514;NESCAFE DOLCE GUSTO ESPRESSO 96 GR x 16;sis2;8b;13-15;3;;;7613037928532;39;-1;1;6;1;5.29
026509;NESCAFE DOLCE GUSTO ESP. RISTRETTO x 16;sis2;8b;13-15;4;;;7613032341640;46;-1;1;6;1;5.29
026520;NESCAFE DOLCE GUSTO GRANDE X 16;sis2;8b;13-15;5;;;7613032584573;40;-1;1;6;1;5.29
026508;NESCAFE DOLCE GUSTO NESQUIK x 16;sis2;8b;13-15;6;;;7613033162220;29;-1;1;6;1;5.29
026513;NESCAFE DOLCE GUSTO EXP. INTENSO 128 G;sis2;8b;13-15;7;;;7613036868082;102;-1;1;6;1;5.29
026536;NESCAFE DOLCE GUSTO EXPRESSO BIO COLOMBIE;sis2;8b;13-15;8;;;7613036318129;46;-1;1;6;1;5.29
026568;NESCAFE DOLCE GUSTO EXPRESSO BIO PERU;sis2;8b;13-15;9;;;7613036324953;35;-1;1;6;1;5.29
026506;NESCAFE DOLCE GUSTO CAFE AU LAIT;sis2;8b;13-15;10;;;7613033174667;4;-1;1;6;1;5.29
026515;NESCAFE DOLCE GUSTO CAPPUCINO 200 G x 8;sis2;8b;13-15;11;;;7613036271868;7;-1;1;6;1;5.29
026516;NESCAFE DOLCE GUSTO CHOCOCINO 270 G x 8;sis2;8b;13-15;12;;;7613035690639;24;-1;1;6;1;5.29
026501;NESCAFE DOLCE GUSTO RICORE LATTE;sis2;8b;13-15;13;;;7613035001848;3;-1;1;6;1;5.29
026455;NAPPAGE CARAMEL BEURRE SALE 320 GR;sis2;9a;9-12;0;;;3102870057089;52;-1;1;12;1;3.49
026430;NESTLE DOCELLO SAUCE CARAMEL 1 KG;sis2;9a;9-12;1;;;3033710037452;9;-1;1;6;1;6.69
064063;FARINE POUR PIZZA T65 VRAC 25 KG (KG);sis2;9a;9-12;2;;;3760280521813;9325;-1;25;25;60;0.9
026437;NESTLE DOCELLO SAUCE FRUITS RGES 1 KG;sis2;9a;9-12;3;;;3033710037469;5;-1;1;6;1;6.69
026431;NESTLE DOCELLO SAUCE CHOCOLAT FROID 1 KG;sis2;9a;9-12;4;;;3033710037360;10;-1;1;6;1;6.69
026432;NESTLE DOCELLO SAUCE FRAISE 1 KG;sis2;9a;9-12;5;;;3033710037353;4;-1;1;6;1;6.99
026435;NESTLE DOCELLO SAUCE CAFE 1 KG;sis2;9a;9-12;6;;;3033710037445;6;-1;1;6;1;6.99
039052;PREPARATION DESSERT NESTLE MOELLEUX CHOCO 344GR;sis2;9a;9-12;7;;;7613034060679;2;-1;1;10;1;3.79
064066;FARINE T45 VRAC X 25 KG;sis2;9a;9-12;8;;;3051100025001;75;-1;25;25;30;0.69
039053;PREPARATION DESSERT NESTLE FONDANT CHOCO 317GR;sis2;9a;9-12;9;;;7613034060709;2;-1;1;10;1;3.79
026436;NESTLE DOCELLO CREME BRULEE 1 KG 100 portions;sis2;9a;9-12;10;;;9002100033569;1;-1;1;6;1;9.65
026434;NESTLE DOCELLO MOUSSE CHOCOLAT 1,5 KG 105 PORTIONS;sis2;9a;9-12;11;;;9002100033798;8;-1;1;6;1;18.69
064067;"FARINE MENAGERE T55 ""CLAIR DELIGNE"" VRAC 25 KG (KG)";sis2;9a;9-12;12;;;;0;-1;25;25;60;0.65
064065;"FARINE MENAGERE 1KG ""MOULIN VERT"" X 10";sis2;9a;9-12;13;;;3301421003005;510;-1;10;10;55;0.83
629048;CORNETS SIMPLE x 324pcs;sis2;9a;9-12;14;;;;10;-1;1;1;1;27
113132;SAUCE COLONA 500ML MOUTARDE DIJON FLACON;sis2;11a;28-31;0;;;5410803520226;231;-1;1;12;1;2.49
113134;SAUCE COLONA 500ml KETCHUP FLACON;sis2;11a;28-31;1;;;5410803520059;129;-1;1;12;1;2.49
113056;SAUCE COLONA 340GR KETCHUP;sis2;11a;28-31;2;;;5410803390010;8;-1;1;12;1;1.89
113059;SAUCE COLONA 340GR MAYONNAISE;sis2;11a;28-31;3;;;5410803390003;38;-1;1;12;1;1.89
113088;SAUCE COLONA 3L PITTA;sis2;11a;28-31;4;;;5410803809178;19;-1;1;3;1;12.29
113086;SAUCE COLONA 3L SAMOURAI;sis2;11a;28-31;5;;;5410803809048;46;-1;1;3;1;13.49
113088;SAUCE COLONA 3L PITTA;sis2;11a;28-31;6;;;5410803809178;19;-1;1;3;1;12.29
113087;SAUCE COLONA 3L ALGERIENNE;sis2;11a;28-31;7;;;5410803809314;1;-1;1;3;1;11.29
113030;SAUCE COLONA 3L CAESAR;sis2;11a;28-31;8;;;5410803320130;6;-1;1;3;1;11.45
113085;SAUCE COLONA 3L BRAZIL;sis2;11a;28-31;9;;;5410803809246;89;-1;1;3;1;10.99
113013;SAUCE COLONA TUNISIENNE FLACON 900ML;sis2;11a;28-31;10;;;5410803300736;643;-1;1;12;40;4.15
113061;SAUCE COLONA MAROCAINE FLACON 850ml;sis2;11a;28-31;11;;;5410803300729;519;-1;1;12;40;4.15
113062;SAUCE COLONA SAMOURAI FLACON 840ml;sis2;11a;28-31;12;;;5410803300590;1514;-1;1;12;40;4.15
113043;SAUCE COLONA PITTA FLACON 840ML;sis2;11a;28-31;13;;;5410803010093;1168;-1;1;12;40;4.15
113038;SAUCE COLONA ALGERIENNE FLACON 850ML;sis2;11a;28-31;14;;;5410803300743;3828;-1;1;12;40;4.15
113063;SAUCE COLONA BRAZIL FLACON 936ml;sis2;11a;28-31;15;;;5410803300897;2282;-1;1;12;40;4.15
625220;"GOBELET CARTON 9OZ - 270ML ""PAROLE"" X 100";sis2;8a_3;2;0;;;8420499229096;156;-1;1;25;1;4.49
625218;"GOBELET CARTON 12OZ - 360ML ""PAROLE"" X 100 GDP";sis2;8a_3;4;1;;;8420499229072;424;-1;1;20;1;5.55
625218;"GOBELET CARTON 12OZ - 360ML ""PAROLE"" X 100 GDP";sis2;8a_3;5;2;;;8420499229072;424;-1;1;20;1;5.55
621054;COUVERCLE DOME PET POUR POT 90ML X 100;sis2;8a_3;7;3;;;8420499205274;514;-1;1;20;1;4.65
626108;COUVERCLE A CAFE NOIR POUR 360ML / 480ML x 100;sis2;8a_3;9;4;;;8420499179179;156;-1;1;10;1;3.35
625245;COUVERCLE A CAFE NOIR POUR 240ML x 100;sis2;8a_3;10;5;;;8420499179155;398;-1;1;10;1;2.95
626083;COUVERCLE A CAFE NOIR POUR 120ML x 100;sis2;8a_3;11;6;;;;284;-1;1;10;1;2.9
012165;LAY'S STAX BARBECUE 170 GR;sis2;8a_3;12;7;;;3168930011361;492;-1;15;15;40;1.85
012186;LAY'S A L ANCIENNE 145GR;sis2;8a_3;13;8;;;3168930003366;3572;-1;20;20;28;1.75
628024;"SAC CROISSANTS BLC N° 5 - 19+8X26CM X 500 ""PAROLE"" GDP";sis2;10a_3;3;0;;;8420499229157;151;-1;1;8;1;8.79
628020;"SAC CROISSANTS BLC N° 2 - 12+5X22CM X 500 ""PAROLE"" GDP";sis2;10a_3;4;1;;;8420499229119;336;-1;1;8;1;5.55
628154;KIT COUVERT BOIS FOURCHETTE/CUILLERE/SERV x100;sis2;10a_3;6;2;;;6973871200012;99;-1;1;5;1;12.59
628188;KIT COUVERT BOIS FOURCHETTE/SERVIETTE X 100;sis2;10a_3;7;3;;;6973871200043;40;-1;1;5;1;9.45
628149;KIT COUVERT BOIS FOURCHETTE/COUTEAU/SERVIETTE x 100;sis2;10a_3;8;4;;;6973871200029;96;-1;1;5;1;12.59
625232;"BOITE PANINI CARTON ""PAROLE"" 26x12x7 CM x 50";sis2;10a_3;10;5;;;8420499219967;191;-1;1;6;21;11.35
625232;"BOITE PANINI CARTON ""PAROLE"" 26x12x7 CM x 50";sis2;10a_3;11;6;;;8420499219967;191;-1;1;6;21;11.35
629036;"LUNCHBOX CARTON ""PAROLE"" 22.5x18x9 CM x 50";sis2;10a_3;12;7;;;8420499219998;174;-1;1;6;1;12.99
062135;CHAMPIGNONS PARFUMES EMINCES 1 KG ORIG:CHINE;sis2;9b_3;12;0;;;3379140107557;50;-1;1;10;1;29.99
225013;"CHAMPIGNONS PARFUMES ENTIER 400GR ""EAGLOBE""";sis2;9b_3;13;1;9*20;;3379145007869;215;180;1;20;1;13.59
999997;LIVRAISON;sis2;9b_3;15;2;;;;0;-1;1;1;1;0
628021;"SAC CROISSANTS BLC N° 3 - 14+7X22CM X 500 ""PAROLE"" GDP";sis2;9a_3;2;0;;;8420499229126;597;-1;1;8;1;6.45
628021;"SAC CROISSANTS BLC N° 3 - 14+7X22CM X 500 ""PAROLE"" GDP";sis2;9a_3;3;1;;;8420499229126;597;-1;1;8;1;6.45
628023;"SAC CROISSANTS BLC N° 1 - 12+5X14CM X 500 ""PAROLE"" GDP";sis2;9a_3;5;2;;;8420499229140;1589;-1;1;12;1;3.99
628023;"SAC CROISSANTS BLC N° 1 - 12+5X14CM X 500 ""PAROLE"" GDP";sis2;9a_3;6;3;;;8420499229140;1589;-1;1;12;1;3.99
628023;"SAC CROISSANTS BLC N° 1 - 12+5X14CM X 500 ""PAROLE"" GDP";sis2;9a_3;7;4;;;8420499229140;1589;-1;1;12;1;3.99
999997;LIVRAISON;sis2;9a_3;8;5;;;;0;-1;1;1;1;0
628020;"SAC CROISSANTS BLC N° 2 - 12+5X22CM X 500 ""PAROLE"" GDP";sis2;9a_3;9;6;;;8420499229119;336;-1;1;8;1;5.55
628023;"SAC CROISSANTS BLC N° 1 - 12+5X14CM X 500 ""PAROLE"" GDP";sis2;9a_3;10;7;;;8420499229140;1589;-1;1;12;1;3.99
628023;"SAC CROISSANTS BLC N° 1 - 12+5X14CM X 500 ""PAROLE"" GDP";sis2;9a_3;11;8;;;8420499229140;1589;-1;1;12;1;3.99
062135;CHAMPIGNONS PARFUMES EMINCES 1 KG ORIG:CHINE;sis2;9a_3;12;9;40;;3379140107557;50;40;1;10;1;29.99
626141;"CORNET PAPIER INGRAISS. 34X24CM ""TIMES"" X 250 GDP";sis2;9a_3;13;10;;;8420499167459;436;-1;1;4;72;8.99
999997;LIVRAISON;sis2;9a_3;14;11;;;;0;-1;1;1;1;0
999997;LIVRAISON;sis2;9a_3;15;12;;;;0;-1;1;1;1;0
999997;LIVRAISON;sis2;8b_3;1;0;;;;0;-1;1;1;1;0
628021;"SAC CROISSANTS BLC N° 3 - 14+7X22CM X 500 ""PAROLE"" GDP";sis2;8b_3;2;1;;;8420499229126;597;-1;1;8;1;6.45
628020;"SAC CROISSANTS BLC N° 2 - 12+5X22CM X 500 ""PAROLE"" GDP";sis2;8b_3;4;2;;;8420499229119;336;-1;1;8;1;5.55
999997;LIVRAISON;sis2;8b_3;5;3;;;;0;-1;1;1;1;0
999997;LIVRAISON;sis2;8b_3;6;4;;;;0;-1;1;1;1;0
722204;BARQUETTE CHARCUTIERE 375CC x 250;sis2;8b_3;7;5;;;3000010210106;862;-1;1;10;1;8.15
722203;BARQUETTE CHARCUTIERE 250CC x250;sis2;8b_3;8;6;;;3000010210083;236;-1;1;14;1;5.99
722007;BARQUETTE CHARCUTIERE 750CC x250;sis2;8b_3;9;7;;;3000010210144;198;-1;1;6;1;13.79
999997;LIVRAISON;sis2;8b_3;10;8;;;;0;-1;1;1;1;0
999997;LIVRAISON;sis2;8b_3;12;9;;;;0;-1;1;1;1;0
999997;LIVRAISON;sis2;8b_3;13;10;;;;0;-1;1;1;1;0
628030;"SACHETS FRITES INGRAIS. BLC 12X12CM ""PAROLE"" X 1000 GDP";sis2;8b_3;15;11;;;8420499229263;69;-1;1;8;1;8.45
999997;LIVRAISON;sis2;8b_2;1;0;;;;0;-1;1;1;1;0
026526;LAIT CONCENTRE SUCRE NESTLE 1Kg;sis2;8b_2;2;1;;;3033710050000;163;-1;1;12;1;6.18
999997;LIVRAISON;sis2;8b_2;3;2;;;;0;-1;1;1;1;0
024181;CEREALE LION 480GR;sis2;8b_2;6;3;;;7613032192570;173;-1;1;22;1;4.95
024177;CEREALE NESQUICK 450 GR;sis2;8b_2;7;4;;;7613035144699;77;-1;1;12;1;3.79
026547;CAPRIMO / LE ROYAL DOS. CHOCOLAT CHAUD 16.5% CACAO 20GR X 100;sis2;8b_2;9;5;;;7350022395145;56;-1;1;1;1;39.99
999997;LIVRAISON;sis2;8b_2;13;6;;;;0;-1;1;1;1;0
064020;FARINE RIZ GLUANT 400 GR EAGLOBE;sis2;9a_2;4;0;;;3379140602465;383;-1;1;50;1;1.39
051040;LEVURE CHIMIQUE 1 KG;sis2;9a_2;5;1;;;3027030032648;143;-1;1;6;1;6.19
055029;MIEL FLEURS BIO ORGANIC 1 KG LUNE DE MIEL;sis2;9a_2;7;2;;;3088541007112;138;-1;1;1;400;13.38
999997;LIVRAISON;sis2;9a_2;8;3;;;;0;-1;1;1;1;0
999997;LIVRAISON;sis2;9a_2;9;4;;;;0;-1;1;1;1;0
019810;ANANAS MORCEAU AU SIROP 3,05 KG;sis2;9a_2;10;5;;;3379140621343;305;-1;1;6;1;7.99
442021;SIROP D'ERABLE 1 L KIRKLAND;sis2;9a_2;12;6;;;096619955886;327;-1;1;1;648;16.99
019810;ANANAS MORCEAU AU SIROP 3,05 KG;sis2;9a_2;14;7;;;3379140621343;305;-1;1;6;1;7.99
026421;CREME DE COCO 400 GR PSP;sis2;9a_2;15;8;;;8851011322184;274;-1;1;24;1;2.69
223057;CONCENTRE DOUBLE TOMATE MUTTI 4/4 - 880GR;sis2;9b_2;4;0;;;8005110020001;744;-1;1;6;1;5.99
999997;LIVRAISON;sis2;9b_2;5;1;;;;0;-1;1;1;1;0
223052;CONCENTRE DOUBLE TOMATES SARAH 1/2 440GR PNE;sis2;9b_2;6;2;;;8021083002110;46;-1;1;12;82;1.29
999997;LIVRAISON;sis2;9b_2;7;3;;;;0;-1;1;1;1;0
062138;"POUSSES DE BAMBOU COUPEES ""GLOBE"" 2.72KG";sis2;9b_2;8;4;;;3379140506329;61;-1;1;6;1;5.75
999997;LIVRAISON;sis2;9b_2;9;5;;;;0;-1;1;1;1;0
222017;CHAMPIGNON PIED&MRCX 4/4 (460gr) LIMBURG;sis2;9b_2;10;6;;;8710609351428;474;-1;12;12;64;1.81
999997;LIVRAISON;sis2;9b_2;11;7;;;;0;-1;1;1;1;0
217016;ZWAN SAUC.COCKTAIL PORC PIMENT 200GR;sis2;9b_2;12;8;;;8714555192470;2543;-1;24;24;153;1.85
062146;CHAMPIGNONS NOIRS SECHES EAGLOBE 1000 GR;sis2;9b_2;13;9;;;3379140182776;332;-1;1;10;1;27.59
062146;CHAMPIGNONS NOIRS SECHES EAGLOBE 1000 GR;sis2;9b_2;14;10;;;3379140182776;332;-1;1;10;1;27.59
062146;CHAMPIGNONS NOIRS SECHES EAGLOBE 1000 GR;sis2;9b_2;15;11;;;3379140182776;332;-1;1;10;1;27.59
999997;LIVRAISON;sis2;10a_2;1;0;;;;0;-1;1;1;1;0
999997;LIVRAISON;sis2;10a_2;2;1;;;;0;-1;1;1;1;0
999997;LIVRAISON;sis2;10a_2;7;2;;;;0;-1;1;1;1;0
999997;LIVRAISON;sis2;10a_2;8;3;;;;0;-1;1;1;1;0
213043;CASSOULET P'TIT GOURMAND H.ROUGE CREOLE PIMENTE 840gr (4/4);sis2;10a_2;12;4;;;3503361463257;353;-1;6;6;1;2.95
629016;"MOULE ROND ALU TARTE ""T0247"" (x100)";sis2;12b_3;1;0;;;3434030015449;123;-1;1;4;1;14.45
723054;"BARQUETTE ALU BORD DROIT ""BO 500"" 0.5L (x100)";sis2;12b_3;2;1;;;3434030015104;111;-1;1;16;1;6.09
621028;BARQUETTE ALU COUV METRO 1500MLX50;sis2;12b_3;3;2;;;3439496802947;0;-1;1;1;1;22.84
629002;ASSIETTE CARRE EN CARTON BLANC RAINE 19x19CM X 250;sis2;12b_3;4;3;;;18420499183685;0;-1;1;1;1;8.99
629003;"MOULE TARTELETTE ALU ""TA 95"" 100x17mm x100";sis2;12b_3;5;4;4*18;;3434030015296;95;72;1;18;1;3.23
621142;BARQUETTE BOIS RECTANGLE AV/PAPIER CUISSON 100X45X30MM (95ML) x 25;sis2;12b_3;6;5;;;3573972014834;234;-1;1;1;1;9.99
621141;BARQUETTE BOIS CARREE AV/ PAPIER CUISSON 70X70X55MM (180ML) X 25;sis2;12b_3;7;6;;;3573972014797;276;-1;1;1;1;9.99
629033;CONE CREPE CARTON BLANC 150X135MM x 100;sis2;12b_2;1;0;;;629033;228;-1;1;7;1;9.85
629234;ASSIETTE RONDE CARTON BLANC BIO-LAQUÉE 15CM X 50;sis2;12b_2;2;1;;;8420499225159;1421;-1;1;18;1;1.9
621058;ASSIETTE RONDE PLAST. 17CM BLANCHE X50;sis2;12b_2;3;2;;;3601020491174;723;-1;1;9;1;1.99
629225;BARQUETTE CUISSON BOIS 23x13x7CM + MOULE SILICONE X 25;sis2;12b_2;4;3;;;8420499154954;47;-1;1;4;1;19.39
629224;BARQUETTE CUISSON BOIS 14x9x4.5CM + MOULE SILICONE X 25;sis2;12b_2;5;4;;;8420499154886;50;-1;1;16;1;9.99
629020;BARQUETTE CUISSON BOIS 255X115 H70 +CAISSETTE CUISSON X 10;sis2;12b_2;6;5;;;629020;44;-1;1;2;1;5.2
629011;BARQUETTE CUISSON BOIS 130X90 H40 +CAISSETTE CUISSON X 100;sis2;12b_2;7;6;;;629011;22;-1;1;4;1;29.8
621148;"POT DESSERT CARTON ""NATURAL"" 90ML X 50";sis2;13a_3;1;0;;;8420499222882;532;-1;1;40;1;2
621149;"POT DESSERT CARTON ""NATURAL"" 160ML X 50";sis2;13a_3;2;1;120;;8420499222905;347;120;1;40;1;2.45
723133;PLATEAU CARTON OR  28X42CM X100;sis2;13a_3;3;2;;;723133;25;-1;1;1;1;54.49
629091;"BOITE PATISSIERE ""FRAMBOISINE"" 32X32X8CM X 50";sis2;13a_3;5;3;36;;13434030014371;41;36;1;1;1;28.09
620015;POT A GLACE KRAFT 3OZ (89 ML) x 50;sis2;13a_3;6;4;;;3434030022713;741;-1;1;20;1;2.49
629034;POT A WRAPS KRAFT BRUN 5.5OZ X 50;sis2;13a_3;7;5;;;3700466041056;2;-1;1;24;20;4.99
324107;XXX ex TRANCHES DE MEROU (PRIX K°);sis2;13a_2;1;0;;;;0;-1;1;1;1;7.38
629165;POT SALADE PLAST. 12OZ (35 CL) X 50;sis2;13a_2;2;1;;;3434030013995;52;-1;1;10;1;6.59
324107;XXX ex TRANCHES DE MEROU (PRIX K°);sis2;13a_2;3;2;;;;0;-1;1;1;1;7.38
621160;"POT DESSERT CARTON ""PAROLE"" 240ML X 50";sis2;13a_2;4;3;;;8420499230337;344;-1;1;40;1;2.99
626093;CORNET FRITE / WRAP KRAFT BRUN 50cl x 50;sis2;13a_2;5;4;250;;3434030022348;1108;250;1;10;1;3.35
626057;COUVERCLE POUR POT 500ML X 100;sis2;13a_2;6;5;;;8420499159249;172;-1;1;10;1;5.99
620013;POT A GLACE EN CARTON 2 BOULES X 50;sis2;13a_2;7;6;;;6091313200762;81;-1;1;20;1;3.75
626065;BOITE RECTANGLE KRAFT FROID/CHAUD + COUV. PET 700ML X 50;sis2;13b_3;2;0;;;8420499226972;142;-1;1;4;1;11.89
629103;BOITE KRAFT + FENETRE ANTI-BUEE 1000ML x50;sis2;13b_3;4;1;;;8420499224466;147;-1;1;4;24;19.99
625283;LUNCHBOX 1L BAGASSE BIONIC 16.5x22.5x6.4CM x 50;sis2;13b_3;5;2;;;8420499212821;236;-1;1;4;42;11.99
629103;BOITE KRAFT + FENETRE ANTI-BUEE 1000ML x50;sis2;13b_3;6;3;;;8420499224466;147;-1;1;4;24;19.99
625283;LUNCHBOX 1L BAGASSE BIONIC 16.5x22.5x6.4CM x 50;sis2;13b_3;7;4;;;8420499212821;236;-1;1;4;42;11.99
999997;LIVRAISON;sis2;14b_3;1;0;;;;0;-1;1;1;1;0
999997;LIVRAISON;sis2;14b_3;2;1;;;;0;-1;1;1;1;0
999997;LIVRAISON;sis2;14b_3;3;2;;;;0;-1;1;1;1;0
999997;LIVRAISON;sis2;14b_3;4;3;;;;0;-1;1;1;1;0
999997;LIVRAISON;sis2;14b_3;5;4;;;;0;-1;1;1;1;0
999997;LIVRAISON;sis2;14b_3;6;5;;;;0;-1;1;1;1;0
629152;"BOITE SALADE KRAFT ""GOOD"" 750 ML X 50";sis2;14b_3;7;6;;;3434030022430;133;-1;1;6;1;8.35
626064;BOL ROND CARTON NOIR FROID/CHAUD 1000ML X 50;sis2;15a_3;1;0;;;8420499226361;98;-1;1;6;1;13.19
625026;BOL SAUCE BAGASSE BLANC 120ML + COUV. X 50;sis2;15a_3;2;1;;;8420499228853;226;-1;1;16;1;6.75
625029;BOL SAUCE PLISSE BLANC INGRAIS. 60ML X 250;sis2;15a_3;3;2;;;8420499126739;306;-1;1;20;1;3.9
626062;BOL ROND CARTON NOIR FROID/CHAUD 750ML X 50;sis2;15a_3;4;3;;;8420499226347;80;-1;1;6;1;11.49
626061;BOL ROND CARTON BLANC FROID/CHAUD 750ML X 50;sis2;15a_3;5;4;;;8420499226330;156;-1;1;6;1;9.99
626063;BOL ROND CARTON BLANC FROID/CHAUD 1000ML X 50;sis2;15a_3;6;5;;;8420499226354;89;-1;1;6;1;11.99
999997;LIVRAISON;sis2;15a_3;7;6;;;;0;-1;1;1;1;0
623038;SERVIETTES ECOLABEL 39X39CM DBLE POINT X 50 HAVANE GDP;sis2;15b_3;1;0;;;8420499166643;437;-1;1;24;1;1.79
629117;POT KRAFT CARRE A PLAT CHAUD 9X7,5X11CM 960ML X 50;sis2;15b_3;2;1;;;8420499223254;322;-1;1;9;10;12.65
999997;LIVRAISON;sis2;15b_3;3;2;;;;0;-1;1;1;1;0
999997;LIVRAISON;sis2;15b_3;4;3;;;;0;-1;1;1;1;0
999997;LIVRAISON;sis2;15b_3;5;4;;;;0;-1;1;1;1;0
999997;LIVRAISON;sis2;15b_3;6;5;;;;0;-1;1;1;1;0
621023;POT A PLAT CHAUD 500cc (16oz) x50;sis2;15b_3;7;6;;;3434030015609;53;-1;1;10;1;8.99
621038;GOBELET BAMBOU 6OZ / 18 CL x 50;sis2;16a_3;1;0;;;3434030024663;1180;-1;1;20;1;1.85
999997;LIVRAISON;sis2;16a_3;2;1;;;;0;-1;1;1;1;0
999997;LIVRAISON;sis2;16a_3;3;2;;;;0;-1;1;1;1;0
625272;GOBELET BAMBOU 8OZ / 25 CL x 50;sis2;16a_3;5;3;;;3434030024670;215;-1;1;20;1;1.92
999997;LIVRAISON;sis2;16a_3;7;4;;;;0;-1;1;1;1;0
628197;SAC KRAFT SANS POIGNEES 14+8x24CM X 250;sis2;16b_3;1;0;;;18420499222308;300;-1;1;4;24;12.99
626108;COUVERCLE A CAFE NOIR POUR 360ML / 480ML x 100;sis2;16b_3;4;1;;;8420499179179;156;-1;1;10;1;3.35
625245;COUVERCLE A CAFE NOIR POUR 240ML x 100;sis2;16b_3;5;2;;;8420499179155;398;-1;1;10;1;2.95
628094;SAC KRAFT AVEC POIGNEES 26+17x24CM X 250;sis2;16b_3;7;3;;;18420499157197;27;-1;1;1;20;30.99
623070;NAPPE ELBE WE BL 8 X 1,2 M;sis2;17a_3;1;0;;;3434030017788;323;-1;1;16;1;1.74
626074;PORTE-GOBELETS POUR 2 GOB. x 100;sis2;17a_3;3;1;;;8420499192222;155;-1;1;6;20;10.79
626080;PORTE-GOBELETS POUR 4 GOB. x 75;sis2;17a_3;4;2;;;8420499192239;71;-1;1;4;1;13.99
999997;LIVRAISON;sis2;17a_3;5;3;;;;0;-1;1;1;1;0
626074;PORTE-GOBELETS POUR 2 GOB. x 100;sis2;17a_3;7;4;;;8420499192222;155;-1;1;6;20;10.79
999997;LIVRAISON;sis2;17b_3;1;0;;;;0;-1;1;1;1;0
722130;PAILLE COULEUR FLEXIBLE NON EMBALLEE (x200/pqt);sis2;17b_3;2;1;;;722130;2386;-1;1;50;1;1.56
999997;LIVRAISON;sis2;17b_3;4;2;;;;0;-1;1;1;1;0
999997;LIVRAISON;sis2;17b_3;5;3;;;;0;-1;1;1;1;0
999997;LIVRAISON;sis2;18a_3;1;0;;;;0;-1;1;1;1;0
999997;LIVRAISON;sis2;18a_3;2;1;;;;0;-1;1;1;1;0
522014;L'ARBRE VERT LIQUIDE VAISSELLE 75 CL;sis2;18a_3;3;2;;;3450601026478;375;-1;1;3;8;4.59
523473;CREME LAVE MAIN ECO.  5 L SENET;sis2;18a_3;5;3;;;3700143601283;39;-1;1;4;1;6.99
999997;LIVRAISON;sis2;18a_3;6;4;;;;0;-1;1;1;1;0
999997;LIVRAISON;sis2;18a_3;7;5;;;;0;-1;1;1;1;0
628176;COUTEAU BIODEGRADABLE 16.5CM X 50 FP;sis2;13b_3;1;0;;;3700466027999;649;-1;1;20;1;2.75
628173;SAC REGROUPEMENT KRAFT BRUN 17+6X26CM - REF.KRSI1000 x 1000;sis2;13b_3;3;1;;;3434030009165;40;-1;1;1;1;13.59
629009;POT CHICKEN BUCKET 1920ML + COUVERCLE X 50;sis2;13b_3;3;2;30;;8420499178646;36;30;1;6;1;19.55
621154;POT DESSERT CARTON NOIR 160ML X 50;sis2;13b_3;5;3;20;;8420499226545;265;20;1;40;1;2.45
629103;BOITE KRAFT + FENETRE ANTI-BUEE 1000ML x50;sis2;13b_3;6;4;;;8420499224466;147;-1;1;4;24;19.99
626051;POT DESSERT FP PET 9OZ X50;sis2;14a_3;1;0;25;;3700466020853;20;25;1;20;1;3.9
628096;SAC CROISSANT KRAFT N.2 REF X1000 FAIR PL;sis2;14a_3;2;1;22*5;;3700466005751;221;110;1;1;198;8.47
324107;XXX ex TRANCHES DE MEROU (PRIX K°);sis2;14a_3;3;2;;;;0;-1;1;1;1;7.38
628010;"SAC SANDWICH ""MIAM"" KRAFT GRAND BLANC 100+60x340MM x 1000 PAIN1034";sis2;14a_3;4;3;64;;3434030016989;264;64;1;1;1;17.15
629010;COUVERCLE GOBELET (GT 08) 25CL x 100;sis2;14a_3;5;4;;;3434030006164;149;-1;1;10;1;4.15
629013;POT CHICKEN BUCKET 130OZ PPT + COUVERCLE X 30;sis2;14a_3;6;5;;;3700466032931;20;-1;1;4;1;28.99
629140;SAC SANDWICH ALIZE JAUNE 100+40X260 X1000 (VENDU PAR LOT DE 2);sis2;14a_3;7;6;;;3760059542483;156;-1;2;2;1;12.95
629146;BOL SALADE TRANSP. 1000CC COUV ATTENANT X50;sis2;14b_2;1;0;12*6;;3434030006553;357;72;1;6;1;11.99
629146;BOL SALADE TRANSP. 1000CC COUV ATTENANT X50;sis2;14b_2;2;1;72;;3434030006553;357;72;1;6;1;11.99
629144;BOL SALADE TRANSP. 370CC+COUV. ATTENANT X50;sis2;14b_2;3;2;20*7;;3434030006522;183;140;1;12;1;4.15
629114;BOITE AMERICAINE MICRO OND. KRAFT 780 ML X 50 GDP;sis2;14b_2;4;3;;;8420499221175;481;-1;1;9;1;9.15
626063;BOL ROND CARTON BLANC FROID/CHAUD 1000ML X 50;sis2;14b_2;5;4;37;;8420499226354;89;37;1;6;1;11.99
623066;BOL SALADE A FOND NOIR ALVEOLE + COUVERCLE 1050ML X 50;sis2;14b_2;6;5;;;6949034410505;201;-1;1;8;18;13.95
623066;BOL SALADE A FOND NOIR ALVEOLE + COUVERCLE 1050ML X 50;sis2;14b_2;7;6;;;6949034410505;201;-1;1;8;18;13.95
625028;BOL SAUCE PLISSE BLANC INGRAIS. 100ML X 250;sis2;15a_2;1;0;;;020648325228;140;-1;1;20;1;7.85
625027;BOL SAUCE PLISSE BLANC INGRAIS. 120ML X 250;sis2;15a_2;2;1;;;8420499126791;203;-1;1;20;1;7.99
625052;BOL SAUCE BAGASSE 55 ML X 50;sis2;15a_2;3;2;;;3434030020313;300;-1;1;40;1;1.93
625047;"BOL SALADE ROND BAGASSE ""BIONIC"" 500ML x 50";sis2;15a_2;4;3;;;8420499211756;258;-1;1;10;1;6.89
625051;BOL ROND BAGASSE 950 ML X 50;sis2;15a_2;5;4;20;;3434030020399;34;20;1;10;1;7.99
625042;BOL ROND BAGASSE 460 ML X 50;sis2;15a_2;6;5;;;3434030020375;160;-1;1;20;1;4.09
623090;SERVIETTE 38X38 DBLE POINT CHOCOLAT x50;sis2;15b_2;1;0;;;3353890080995;205;-1;1;24;1;1.83
629117;POT KRAFT CARRE A PLAT CHAUD 9X7,5X11CM 960ML X 50;sis2;15b_2;2;1;;;8420499223254;322;-1;1;9;10;12.65
623054;SERVIETTE 38X38 DBLE POINT BLANC x50;sis2;15b_2;4;2;;;3353890080964;168;-1;1;24;1;1.89
623037;SERVIETTES ECOLABEL 39X39CM DBLE POINT X 50 CHOCOLAT GDP;sis2;15b_2;5;3;;;8420499133843;274;-1;1;24;1;1.79
623038;SERVIETTES ECOLABEL 39X39CM DBLE POINT X 50 HAVANE GDP;sis2;15b_2;6;4;;;8420499166643;437;-1;1;24;1;1.79
621023;POT A PLAT CHAUD 500cc (16oz) x50;sis2;15b_2;7;5;130;;3434030015609;53;130;1;10;1;8.99
625130;NAPPE WE TURQUOISE 6x1.20m;sis2;16a_2;1;0;5*12;;3434030005716;83;60;1;12;1;3.29
621043;GOBELET CAFE BIO 10CL X 120;sis2;16a_2;2;1;;;621043;168;-1;1;25;1;6.45
722206;AGITATEUR BOIS 110X5X1MM X 1000;sis2;16a_2;3;2;;;3700466017440;131;-1;1;10;1;3.39
621067;GOBELET CARTON INSTANT DOUCEUR /HOT OR FRESH 25CL x 50 GSPD8;sis2;16a_2;4;3;;;3434030017917;198;-1;1;20;1;1.85
622020;GOBELET CARTON INSTANT DOUCEUR / HOT OR FRESH 30CL x 50 GSPD10;sis2;16a_2;5;4;;;3434030017924;226;-1;1;20;1;2.15
625243;GOBELET CARTON INSTANT DOUCEUR 18CL x 50 GSPD6;sis2;16a_2;6;5;;;3434030027480;487;-1;1;20;1;1.65
622010;GOBELET CARTON INSTANT DOUCEUR 10CL x 50 GSPD4;sis2;16a_2;7;6;;;3434030017962;1064;-1;1;20;1;1.15
722146;AGITATEUR BOIS 14 CM X 500;sis2;17a_2;2;0;;;3434030020702;461;-1;1;10;1;2.69
628159;SAC KRAFT AVEC POIGNEES 32+14X44CM x 250;sis2;17a_2;3;1;;;3434030010819;45;-1;1;1;24;45.39
621019;PAILLE NOIRE x 250 FLEXIBLE EMBALLEE IND.;sis2;17a_2;4;2;;;621019;0;-1;1;40;1;1.95
625218;"GOBELET CARTON 12OZ - 360ML ""PAROLE"" X 100 GDP";sis2;17a_2;5;3;;;8420499229072;424;-1;1;20;1;5.55
621035;GOBELET PLASTIQUE TRANSPARENT 330ML X 80 QUALITY METRO;sis2;17a_2;6;4;9*25;;3439496803869;6079;225;1;25;1;2.25
621038;GOBELET BAMBOU 6OZ / 18 CL x 50;sis2;17a_2;7;5;;;3434030024663;1180;-1;1;20;1;1.85
999997;LIVRAISON;sis2;17b_2;1;0;;;;0;-1;1;1;1;0
999997;LIVRAISON;sis2;17b_2;2;1;;;;0;-1;1;1;1;0
999997;LIVRAISON;sis2;17b_2;3;2;;;;0;-1;1;1;1;0
626095;GANT LATEX NON POUDRE DOULUX X 100 (Taille M);sis2;17b_2;4;3;;;3261940206205;121;-1;1;10;1;10.35
999997;LIVRAISON;sis2;17b_2;5;4;;;;0;-1;1;1;1;0
626111;GANT LATEX NON POUDRE DOULUX X 100 (Taille L);sis2;17b_2;6;5;;;3261940206212;95;-1;1;10;1;10.35
626085;GANT VINYLE NON POUDRE DOULUX x100  (Taille M);sis2;17b_2;7;6;;;3261940206243;142;-1;1;10;1;8.99
999997;LIVRAISON;sis2;18a_2;2;0;;;;0;-1;1;1;1;0
522015;VANISH OXI ACTION (2,4 KG);sis2;18a_2;3;1;;;3059942033642;119;-1;1;1;119;24.99
999997;LIVRAISON;sis2;18a_2;5;2;;;;0;-1;1;1;1;0
999997;LIVRAISON;sis2;18a_2;6;3;;;;0;-1;1;1;1;0
999997;LIVRAISON;sis2;18a_2;7;4;;;;0;-1;1;1;1;0
723182;SAC POUBELLE 110L X 20 ECO AVEC LIENS GEN CODE: 220+896;sis2;18b_3;1;0;;;3434030000896;144;-1;1;10;1;2.9
999997;LIVRAISON;sis2;18b_3;2;1;;;;0;-1;1;1;1;0
999997;LIVRAISON;sis2;18b_3;3;2;;;;0;-1;1;1;1;0
999997;LIVRAISON;sis2;18b_3;4;3;;;;0;-1;1;1;1;0
999997;LIVRAISON;sis2;18b_3;5;4;;;;0;-1;1;1;1;0
629182;BARQUETTE CARTON. KRAFT 10,5x7,2x4,5CM - 960 GR X 200 GDP;sis2;12a_3;1;0;18*4;;8420499221083;137;72;1;4;1;10.69
629184;"BARQUETTE CARTON 960 GR ""PAROLE""  X 200 GDP";sis2;12a_3;2;1;;;8420499229720;70;-1;1;4;1;10.69
629183;"BARQUETTE CARTON 480 GR ""PAROLE"" X 200 GDP";sis2;12a_3;3;2;;;8420499229713;294;-1;1;6;1;9.09
629181;BARQUETTE CARTON. KRAFT 10x6x5CM - 480 GR X 200 GDP;sis2;12a_3;4;3;;;8420499221076;257;-1;1;6;1;9.09
626187;"CORNET FRITE 190 GR ""PAROLE"" x 200 GDP";sis2;12a_3;5;4;;;8420499229560;84;-1;1;5;1;14.09
626183;CORNET FRITE KRAFT BRUN 135 GR x 200 GDP;sis2;12a_3;6;5;;;8420499221045;120;-1;1;6;30;7.99
626184;CORNET FRITE KRAFT BRUN 165 GR x 200 GDP;sis2;12a_3;7;6;;;8420499221052;170;-1;1;6;1;10.25
999997;LIVRAISON;sis2;3a_3;1;0;;;;0;-1;1;1;1;0
999997;LIVRAISON;sis2;3a_3;3;1;;;;0;-1;1;1;1;0
621159;"POT DESSERT CARTON ""PAROLE"" 160ML X 50";sis2;3a_3;4;2;;;8420499230320;842;-1;1;40;1;2.45
621158;"POT DESSERT CARTON ""PAROLE"" 180ML X 50";sis2;3a_3;5;3;;;8420499230290;457;-1;1;40;1;2.7
621158;"POT DESSERT CARTON ""PAROLE"" 180ML X 50";sis2;3a_3;6;4;;;8420499230290;457;-1;1;40;1;2.7
999997;LIVRAISON;sis2;4a_3;1;0;;;;0;-1;1;1;1;0
623047;POT DESSERT A FOND PLAT. 300ML X 50;sis2;4a_3;3;1;;;623047;281;-1;1;40;1;3.95
621159;"POT DESSERT CARTON ""PAROLE"" 160ML X 50";sis2;4a_3;4;2;;;8420499230320;842;-1;1;40;1;2.45
621159;"POT DESSERT CARTON ""PAROLE"" 160ML X 50";sis2;4a_3;5;3;;;8420499230320;842;-1;1;40;1;2.45
999997;LIVRAISON;sis2;4a_3;6;4;;;;0;-1;1;1;1;0
621149;"POT DESSERT CARTON ""NATURAL"" 160ML X 50";sis2;4a_3;7;5;;;8420499222905;347;-1;1;40;1;2.45
621150;"POT DESSERT CARTON ""NATURAL"" 180ML X 50";sis2;4a_3;8;6;;;8420499222912;266;-1;1;40;1;2.7
629006;COUVERCLE NOIR POUR GOBELET CAFE  18CL x 100;sis2;4a_3;10;7;;;629006;1198;-1;1;32;1;1.95
629006;COUVERCLE NOIR POUR GOBELET CAFE  18CL x 100;sis2;4a_3;11;8;;;629006;1198;-1;1;32;1;1.95
629006;COUVERCLE NOIR POUR GOBELET CAFE  18CL x 100;sis2;4a_3;12;9;;;629006;1198;-1;1;32;1;1.95
629007;COUVERCLE NOIR POUR GOBELET CAFE  10CL x 100;sis2;4a_3;13;10;;;629007;1237;-1;1;20;1;1.82
629007;COUVERCLE NOIR POUR GOBELET CAFE  10CL x 100;sis2;4a_3;14;11;;;629007;1237;-1;1;20;1;1.82
625228;GOBELET CARTON BLANC BOISSON CHAUDE 360ML X 50;sis2;4b_3;1;0;;;8420499228976;629;-1;1;20;1;2.69
621156;POT DESSERT CARTON NOIR 240ML X 50;sis2;4b_3;6;1;;;8420499226569;179;-1;1;40;1;2.99
999997;LIVRAISON;sis2;4b_3;7;2;;;;0;-1;1;1;1;0
999997;LIVRAISON;sis2;4b_3;8;3;;;;0;-1;1;1;1;0
621154;POT DESSERT CARTON NOIR 160ML X 50;sis2;4b_3;9;4;;;8420499226545;265;-1;1;40;1;2.45
621155;POT DESSERT CARTON NOIR 180ML X 50;sis2;4b_3;10;5;;;8420499226552;678;-1;1;40;1;2.7
621155;POT DESSERT CARTON NOIR 180ML X 50;sis2;4b_3;11;6;;;8420499226552;678;-1;1;40;1;2.7
621155;POT DESSERT CARTON NOIR 180ML X 50;sis2;4b_3;12;7;;;8420499226552;678;-1;1;40;1;2.7
621160;"POT DESSERT CARTON ""PAROLE"" 240ML X 50";sis2;4b_3;13;8;;;8420499230337;344;-1;1;40;1;2.99
621160;"POT DESSERT CARTON ""PAROLE"" 240ML X 50";sis2;4b_3;14;9;;;8420499230337;344;-1;1;40;1;2.99
625228;GOBELET CARTON BLANC BOISSON CHAUDE 360ML X 50;sis2;5a_3;1;0;;;8420499228976;629;-1;1;20;1;2.69
629083;BOITE HAMBURGER KRAFT TRIPLE 15.5X14.5X9.5cm X50;sis2;5a_3;3;1;;;8420499098517;168;-1;1;12;16;9.99
999997;LIVRAISON;sis2;5a_3;4;2;;;;0;-1;1;1;1;0
999997;LIVRAISON;sis2;5a_3;5;3;;;;0;-1;1;1;1;0
999997;LIVRAISON;sis2;5a_3;7;4;;;;0;-1;1;1;1;0
999997;LIVRAISON;sis2;5a_3;11;5;;;;0;-1;1;1;1;0
999997;LIVRAISON;sis2;5a_3;12;6;;;;0;-1;1;1;1;0
623031;CUILLERE A SOUPE BOIS 165MM X 100;sis2;12a_1;1;0;;;3434030024878;266;-1;1;10;1;3.99
999997;LIVRAISON;sis2;12a_1;2;1;;;;0;-1;1;1;1;0
623063;COUTEAU BOIS 165MM X 100 FP;sis2;12a_1;3;2;;;3760059549925;508;-1;1;20;1;3.69
999997;LIVRAISON;sis2;12a_1;4;3;;;;0;-1;1;1;1;0
624193;"EMBALLAGES POUR BURGERS ""NATUREL"" 28x34CM x 1000";sis2;12a_1;5;4;;;8420499230788;24;-1;1;4;1;14.99
999997;LIVRAISON;sis2;12a_1;6;5;;;;0;-1;1;1;1;0
629160;"BARQUETTE CARTON 1440 GR ""PAROLE""  X 100 GDP";sis2;12a_1;7;6;;;8420499229744;39;-1;1;1;1;7.39
154043;THYM ENTIER POT 210 GR ESPIG;sis2;20a_3;1;0;;;3102870065817;185;-1;1;6;1;4.99
153068;POIVRE NOIR ENTIER POT 450GR ESPIG;sis2;20a_2;1;0;;;3102870065770;77;-1;1;6;1;6.59
153044;POIVRE NOIR MOULU POT 510GR ESPIG;sis2;20a_2;1;1;;;3102870065787;113;-1;1;6;1;7.99
154039;HERBE DE PROVENCE POT 230 GR ESPIG;sis2;20a_2;2;2;;;3102870065657;281;-1;1;6;1;4.15
154042;PERSIL ENTIER POT 90GR ESPIG;sis2;20a_2;4;3;;;3102870065718;179;-1;1;6;1;4.39
154041;ORIGAN EXTRA ENT. POT 100 GR ESPIG;sis2;20a_2;4;4;;;3102870065695;115;-1;1;6;1;4.39
626091;BARQUETTE COUV. ATTENANT PET 2 COMPARTIMENTS X 25;sis2;20a_2;5;5;;;3244690179555;98;-1;1;12;1;8.25
154021;CURRY MADRAS POT 200 GR ESPIG;sis2;20a_2;7;6;;;3102870043792;359;-1;1;6;1;3.19
153028;RAZ EL HANOUT JAUNE POT 200 GR ESPIG;sis2;20a_2;7;7;;;3102870054002;197;-1;1;6;1;3.49
999997;LIVRAISON;sis2;20a_2;11;8;;;;0;-1;1;1;1;0
999997;LIVRAISON;sis2;20a_2;12;9;;;;0;-1;1;1;1;0
154031;AIL SEMOULE POT 540 GR ESPIG;sis2;20a_1;1;0;;;3102870065510;128;-1;1;6;1;7.75
153015;CUMIN MOULU POT 410 GR ESPIG;sis2;20a_1;1;1;;;3102870065596;204;-1;1;6;1;5.99
154033;BASILIC ENTIER POT 150 GR ESPIG;sis2;20a_1;2;2;;;3102870065534;96;-1;1;6;1;4.15
154022;EPICES BARBECUE POT 220 GR ESPIG;sis2;20a_1;2;3;;;3102870043952;343;-1;1;6;1;7.39
153088;PAPRIKA MOULU POT 480 GR ESPIG;sis2;20a_1;4;4;;;3102870065701;278;-1;1;6;1;7.99
154036;CURCUMA MOULU POT 470 GR ESPIG;sis2;20a_1;5;5;;;3102870065602;97;-1;1;6;1;5.99
154034;CANNELLE MOULUE POT 350 GR ESPIG;sis2;20a_1;5;6;;;3102870065558;89;-1;1;6;1;6.35
154030;MELANGE ESPAGNOL POT 290 GR ESPIG;sis2;20a_1;7;7;;;3102870043754;95;-1;1;6;1;6.29
154027;EPICES TANDOORI POT 250 GR ESPIG;sis2;20a_1;7;8;;;3102870043853;152;-1;1;6;1;5.59
429057;BIERE ASAHI VP 33 CL - 5°2 JP;sis2;20a_1;10;9;;;8008440149220;504;-1;24;24;1;1.89
999997;LIVRAISON;sis2;20a_1;11;10;;;;0;-1;1;1;1;0
429016;LEFFE RUBY VP 25CL x 6;sis2;20a_1;17;11;;;5410228230441;0;-1;24;24;1;1.35
999997;LIVRAISON;sis2;21a_3;1;0;;;;0;-1;1;1;1;0
621067;GOBELET CARTON INSTANT DOUCEUR /HOT OR FRESH 25CL x 50 GSPD8;sis2;21a_3;5;1;;;3434030017917;198;-1;1;20;1;1.85
999997;LIVRAISON;sis2;21a_3;6;2;;;;0;-1;1;1;1;0
999997;LIVRAISON;sis2;21b_3;1;0;;;;0;-1;1;1;1;0
629083;BOITE HAMBURGER KRAFT TRIPLE 15.5X14.5X9.5cm X50;sis2;21b_3;2;1;;;8420499098517;168;-1;1;12;16;9.99
999997;LIVRAISON;sis2;21b_3;3;2;;;;0;-1;1;1;1;0
629153;"BOITE SALADE KRAFT ""GOOD"" 1000 ML X 50";sis2;21b_3;4;3;;;3434030022447;218;-1;1;6;1;8.29
999997;LIVRAISON;sis2;21b_3;5;4;;;;0;-1;1;1;1;0
625048;"BOL SALADE ROND BAGASSE ""BIONIC"" 750ML x 50";sis2;21b_3;6;5;;;8420499211763;472;-1;1;10;1;8.49
629024;BOL SALADE FOND NOIR + COUV. X 25 800ML;sis2;21b_3;7;6;;;6949034490026;3095;-1;1;16;1;7.49
626061;BOL ROND CARTON BLANC FROID/CHAUD 750ML X 50;sis2;21b_3;9;7;;;8420499226330;156;-1;1;6;1;9.99
518140;MASQUE MEDICAL JETABLE 3 PLIS  (5 X 10);sis2;21b_3;11;8;;;6973175530013;13073.12;-1;1;50;1;26.51
518140;MASQUE MEDICAL JETABLE 3 PLIS  (5 X 10);sis2;21b_3;12;9;;;6973175530013;13073.12;-1;1;50;1;26.51
518140;MASQUE MEDICAL JETABLE 3 PLIS  (5 X 10);sis2;21b_3;13;10;;;6973175530013;13073.12;-1;1;50;1;26.51
518140;MASQUE MEDICAL JETABLE 3 PLIS  (5 X 10);sis2;21b_3;14;11;;;6973175530013;13073.12;-1;1;50;1;26.51
518140;MASQUE MEDICAL JETABLE 3 PLIS  (5 X 10);sis2;21b_3;15;12;;;6973175530013;13073.12;-1;1;50;1;26.51
999997;LIVRAISON;sis2;21b_2;1;0;;;;0;-1;1;1;1;0
999997;LIVRAISON;sis2;21b_2;2;1;;;;0;-1;1;1;1;0
441027;ARIZONA THE VERT & MIEL CAN. 33 CL X 12;sis2;21b_1;3;0;;;0613008743543;1214;-1;12;12;150;0.99
113141;HUILE PIMENTEE EXTRA FORTE COLONA DOSETTE 3 ML X 200;sis2;21b_1;6;1;;;5410803850286;38;-1;1;4;1;7.75
024174;CEREALE QUAKER OATS 60X27GR (1,62 KG);sis2;21b_1;6;2;;;5000108244196;0;-1;1;1;1;14.59
141021;"HUILE DE RIZ ""RIZI"" 5L (PRIX AU BIDON)";sis2;21b_1;8;3;;;8850345950445;1464;-1;1;4;36;15.5
999997;LIVRAISON;sis2;21b_1;8;4;;;;0;-1;1;1;1;0
999997;LIVRAISON;sis2;21b_1;8;5;;;;0;-1;1;1;1;0
442128;COCA COLA 24X50CL PET;sis2;21b_1;9;6;;;54491472;25988;-1;24;24;54;0.93
442127;COCA COLA LIGHT 12X50CL PET;sis2;21b_1;11;7;;;54492387;0;-1;12;12;1;0.91
442127;COCA COLA LIGHT 12X50CL PET;sis2;21b_1;12;8;;;54492387;0;-1;12;12;1;0.91
442127;COCA COLA LIGHT 12X50CL PET;sis2;21b_1;13;9;;;54492387;0;-1;12;12;1;0.91
429074;DODO 24 X 33 CL 5°;sis2;21b_1;14;10;;;3278720001080;6164;-1;24;24;63;0.77
999997;LIVRAISON;sis2;21a_1;1;11;;;;0;-1;1;1;1;0
999997;LIVRAISON;sis2;21a_1;3;12;;;;0;-1;1;1;1;0
626107;COUVERCLE PLAT SUSHI 190X134X30 T3 X50;sis2;21a_1;4;13;;;3700466003702;25;-1;1;9;1;9.62
723065;PLAT SUSHI NOIR 171x91x20 T1 X50;sis2;21a_1;4;14;;;723065;22;-1;1;24;1;4.565
723066;PLAT SUSHI NOIR 185X129X20 T3 X50;sis2;21a_1;4;15;;;723066;80;-1;1;9;1;8.96
625053;LUNCHBOX BAGASSE 1 COMPART. X 50;sis2;21a_1;5;16;;;3434030020450;16;-1;1;4;1;13.09
629152;"BOITE SALADE KRAFT ""GOOD"" 750 ML X 50";sis2;21a_1;5;17;;;3434030022430;133;-1;1;6;1;8.35
522140;FRITEUSE SEMI PROFESSIONNELLE BRANDT;sis2;21a_1;6;18;;;3660767969551;127;-1;1;1;1;37.19
413079;DIEGO 2 L X 4 POMME VANILLE;sis2;21a_1;7;19;;;3297565861628;12;-1;4;4;1;2.95
999997;LIVRAISON;sis2;21a_1;7;20;;;;0;-1;1;1;1;0
999997;LIVRAISON;sis2;21a_1;7;21;;;;0;-1;1;1;1;0
999997;LIVRAISON;sis2;21a_1;1;11;;;;0;-1;1;1;1;0
999997;LIVRAISON;sis2;21a_1;3;12;;;;0;-1;1;1;1;0
626107;COUVERCLE PLAT SUSHI 190X134X30 T3 X50;sis2;21a_1;4;13;;;3700466003702;25;-1;1;9;1;9.62
723065;PLAT SUSHI NOIR 171x91x20 T1 X50;sis2;21a_1;4;14;;;723065;22;-1;1;24;1;4.565
723066;PLAT SUSHI NOIR 185X129X20 T3 X50;sis2;21a_1;4;15;;;723066;80;-1;1;9;1;8.96
625053;LUNCHBOX BAGASSE 1 COMPART. X 50;sis2;21a_1;5;16;;;3434030020450;16;-1;1;4;1;13.09
629152;"BOITE SALADE KRAFT ""GOOD"" 750 ML X 50";sis2;21a_1;5;17;;;3434030022430;133;-1;1;6;1;8.35
522140;FRITEUSE SEMI PROFESSIONNELLE BRANDT;sis2;21a_1;6;18;;;3660767969551;127;-1;1;1;1;37.19
413079;DIEGO 2 L X 4 POMME VANILLE;sis2;21a_1;7;19;;;3297565861628;12;-1;4;4;1;2.95
999997;LIVRAISON;sis2;21a_1;7;20;;;;0;-1;1;1;1;0
999997;LIVRAISON;sis2;21a_1;7;21;;;;0;-1;1;1;1;0
629116;POT KRAFT CARRE A PLAT CHAUD 8X7X10,5CM 780ML X 50;sis2;24a_2;1;0;;;8420499223247;337;-1;1;9;18;11.39
629117;POT KRAFT CARRE A PLAT CHAUD 9X7,5X11CM 960ML X 50;sis2;24a_2;3;1;;;8420499223254;322;-1;1;9;10;12.65
629117;POT KRAFT CARRE A PLAT CHAUD 9X7,5X11CM 960ML X 50;sis2;24a_2;4;2;;;8420499223254;322;-1;1;9;10;12.65
629116;POT KRAFT CARRE A PLAT CHAUD 8X7X10,5CM 780ML X 50;sis2;24a_2;5;3;;;8420499223247;337;-1;1;9;18;11.39
629116;POT KRAFT CARRE A PLAT CHAUD 8X7X10,5CM 780ML X 50;sis2;24a_2;6;4;;;8420499223247;337;-1;1;9;18;11.39
999997;LIVRAISON;sis2;24a_2;7;5;;;;0;-1;1;1;1;0
629117;POT KRAFT CARRE A PLAT CHAUD 9X7,5X11CM 960ML X 50;sis2;24a_2;8;6;;;8420499223254;322;-1;1;9;10;12.65
999997;LIVRAISON;sis2;24a_2;9;7;;;;0;-1;1;1;1;0
999997;LIVRAISON;sis2;24a_2;10;8;;;;0;-1;1;1;1;0
999997;LIVRAISON;sis2;24a_2;12;9;;;;0;-1;1;1;1;0
999997;LIVRAISON;sis2;24a_2;13;10;;;;0;-1;1;1;1;0
999997;LIVRAISON;sis2;24a_2;14;11;;;;0;-1;1;1;1;0
629050;BLOC FACTURE 50 FEUILLES DUPLI 10x15CM LOT DE 10 (TARIF AU LOT);sis2;1a_3;1;0;;;8420499177953;146;-1;1;10;1;4.35
629055;BLOC  FACTURE BLANC 10x21 CM LOT DE 10 (TARIF AU LOT);sis2;1a_3;2;1;;;8420499177267;340;-1;1;14;1;10.99
518140;MASQUE MEDICAL JETABLE 3 PLIS  (5 X 10);sis2;1a_3;9;2;;;6973175530013;13073.12;-1;1;50;1;26.51
999997;LIVRAISON;sis2;1a_3;18;3;;;;0;-1;1;1;1;0
999997;LIVRAISON;sis2;1a_3;19;4;;;;0;-1;1;1;1;0
999997;LIVRAISON;sis2;1a_3;20;5;;;;0;-1;1;1;1;0
629054;BLOC COMMANDE 50 FEUILLES TRIPLI 10x15CM LOT DE 10 (TARIF AU LOT);sis2;1a_2;1;0;;;8420499177915;47;-1;1;10;1;6.19
629050;BLOC FACTURE 50 FEUILLES DUPLI 10x15CM LOT DE 10 (TARIF AU LOT);sis2;1a_2;2;1;;;8420499177953;146;-1;1;10;1;4.35
629120;JEUX CARTE PIQUET (32);sis2;1a_2;3;2;;;5411068700217;9772;-1;14;150;1;0.64
999997;LIVRAISON;sis2;1a_2;4;3;;;;0;-1;1;1;1;0
999997;LIVRAISON;sis2;1a_1;1;0;;;;0;-1;1;1;1;0
629120;JEUX CARTE PIQUET (32);sis2;1a_1;2;1;;;5411068700217;9772;-1;14;150;1;0.64
518150;CARTOUCHE A GAZ C 206 AVEC GAS LOCK;sis2;1a_1;4;2;;;3138522069179;58;-1;1;36;1;1.99
